seconds_since_epoch, robot_x, robot_y, robot_th
1502307513.088000, 6122.000000, -1393.000000, 91.200000
