seconds_since_epoch, robot_x, robot_y, robot_th
1502305016.932000, 6122.000000, -1377.000000, 91.800000
