seconds_since_epoch, robot_x, robot_y, robot_th
1502306731.402000, 6121.000000, -1388.000000, 91.400000
1502306893.600000, 7636.000000, -1532.000000, -88.600000
