seconds_since_epoch, robot_x, robot_y, robot_th
1502307176.094000, 6122.000000, -1386.000000, 91.300000
