seconds_since_epoch, robot_x, robot_y, robot_th
1502309301.157000, 6114.000000, -1396.000000, 91.200000
1502309464.952000, 7677.000000, -1535.000000, -88.400000
