Goal, RMMASq1
time, iter, marker, init_x, init_y, init_z, init_xrot, init_yrot, init_zrot,ok, time_elapsed, steps,x, y, z, xrot, yrot, zrot
Edge
17.109, -1, -1, 380.003, -0.0237464, 297, 180, 0, 0, 1, 3.2842, 31, 293.073, -0.0444701, 296.967, 179.996, -0.00851822, 0.0123599
23.76, -1, -2, 293.073, -228.644, 297, 180, 0, 0, 1, 3.95234, 37, 290.781, -228.606, 296.985, -179.994, 0.00722535, -0.00788189
32.65, -1, -3, 343.873, 395.833, 297, 180, 0, 0, 0, 0, 0, 343.889, 395.822, 297, -179.999, 0.000176398, -0.00425725
