Goal, RMMASq2
time, iter, marker, init_x, init_y, init_z, init_xrot, init_yrot, init_zrot,ok, time_elapsed, steps,x, y, z, xrot, yrot, zrot
Edge
32.322, -1, -1, 379.992, -0.012167, 297, 180, 0, 0, 1, 2.72126, 26, 310.898, -0.0249499, 296.916, -179.986, 0.0109751, 0.00506826
52.162, -1, -2, 310.898, -228.625, 297, 180, 0, 0, 1, 1.75337, 17, 308.152, -228.653, 296.963, -179.993, 0.0124512, -0.0011754
72.749, -1, -3, 361.698, 318.677, 297, 180, 0, 0, 1, 6.20554, 53, 361.763, 348.885, 297.103, -179.999, -0.0216461, -0.00989594
72.749, -1, -4, N/A, N/A, N/A, NA, N/A, N/A, 1, 10.6802, 96, 315.096, 349.446, 297, 180, 0, 0
Fine Spiral Search
103.344, 0, 0, 415.468, 246.633, 297, 180, 0, 0, 1, 2.09151, 39, 414.604, 248.034, 297.001, -179.991, -0.00211044, -0.000463745
120.551, 0, 1, 409.112, -209.133, 297.001, -179.991, -0.00211044, -0.000463745, 1, 0.103398, 3, 409.062, -209.107, 296.945, -179.977, 0.0162463, -0.00833534
