Goal, RMMASq2
time, iter, marker, init_x, init_y, init_z, init_xrot, init_yrot, init_zrot,ok, time_elapsed, steps,x, y, z, xrot, yrot, zrot
Coarse Spiral Search
Bisect
13.177, -1, -1, 423.667, 195.132, 297, 180, 0, 0, 1, 22.4553, 179, 434.19, 182.134, 297, -180, 5.86851e-05, 0.000197015
42.96, -1, -2, 425.455, -262.128, 297, 180, 0, 0, 1, 23.1612, 183, 432.422, -275.635, 297, -180, 5.86886e-05, 0.000197016
Fine Spiral Search
68.554, 0, 0, 383.39, 182.33, 297, 180, 0, 0, 1, 0.767101, 15, 384.39, 182.829, 297, -180, 5.86748e-05, 0.000197017
74.289, 0, 1, 382.622, -274.939, 297, -180, 5.86748e-05, 0.000197017, 1, 0.10248, 3, 382.697, -274.939, 297, -180, 5.8685e-05, 0.000197022
79.262, 1, 0, 384.39, 182.829, 297, -180, 5.86748e-05, 0.000197017, 1, 0.103599, 3, 384.454, 182.363, 297, -180, 5.8685e-05, 0.000197022
84.139, 1, 1, 382.697, -274.939, 297, -180, 5.8685e-05, 0.000197022, 1, 8.40835e-05, 1, 382.713, -271.723, 297, -180, 5.86812e-05, 0.000197032
