Goal, RMMASq2
time, iter, marker, init_x, init_y, init_z, init_xrot, init_yrot, init_zrot,ok, time_elapsed, steps,x, y, z, xrot, yrot, zrot
Coarse Spiral Search
Bisect
19.256, -1, -1, 449.672, 219.048, 297, 180, 0, 0, 1, 23.8913, 192, 449.858, 216.234, 297, -180, 5.86746e-05, 0.00019702
50.717, -1, -2, 448.1, -231.349, 297, 180, 0, 0, 1, 24.0024, 192, 451.192, -241.349, 297, -180, 5.86766e-05, 0.000197008
Fine Spiral Search
77.234, 0, 0, 399.059, 216.086, 297, 180, 0, 0, 1, 8.17149e-05, 1, 399.084, 215.864, 297, -180, 5.86851e-05, 0.000197019
82.222, 0, 1, 400.418, -241.719, 297, -180, 5.86851e-05, 0.000197019, 1, 0.960473, 19, 399.919, -240.718, 297, -180, 5.8686e-05, 0.000197017
88.19, 1, 0, 399.084, 215.864, 297, -180, 5.86851e-05, 0.000197019, 1, 9.67157e-05, 1, 399.084, 215.757, 297, -180, 5.86807e-05, 0.000197018
93.056, 1, 1, 399.919, -240.718, 297, -180, 5.8686e-05, 0.000197017, 1, 7.61883e-05, 1, 399.919, -240.718, 297, -180, 5.8688e-05, 0.000197036
