Goal, RMMASq1
time, iter, marker, init_x, init_y, init_z, init_xrot, init_yrot, init_zrot,ok, time_elapsed, steps,x, y, z, xrot, yrot, zrot
Edge
17.441, -1, -1, 380.013, -0.0574812, 297, 180, 0, 0, 1, 5.33954, 51, 259.557, -0.0286942, 296.957, -179.994, 0.00405297, 0.0030539
25.108, -1, -2, 259.557, -228.629, 297, 180, 0, 0, 1, 5.55328, 52, 265.764, -228.646, 296.886, -179.989, 0.00769524, 0.0144274
34.42, -1, -3, 310.357, 441.309, 297, 180, 0, 0, 0, 0, 0, 310.327, 441.304, 296.999, -179.999, 0.000222953, -0.00156098
