Goal, RMMASq2
time, iter, marker, init_x, init_y, init_z, init_xrot, init_yrot, init_zrot,ok, time_elapsed, steps,x, y, z, xrot, yrot, zrot
Coarse Spiral Search
Bisect
20.764, -1, -1, 444.815, 322.125, 297, 180, 0, 0, 1, 22.5166, 181, 452.764, 310.079, 296.987, 179.993, 0.00139811, 0.00419917
50.926, -1, -2, 459.512, -133.798, 297, 180, 0, 0, 1, 23.3135, 186, 460.976, -147.337, 297.011, -179.995, -0.0123944, 0.00566386
Fine Spiral Search
76.864, 0, 0, 401.972, 309.167, 297, 180, 0, 0, 1, 7.97412e-05, 1, 402.001, 308.928, 296.992, -179.997, -0.000105681, 3.02745e-06
81.799, 0, 1, 410.213, -148.489, 296.992, -179.997, -0.000105681, 3.02745e-06, 1, 2.55002, 49, 410.137, -144.456, 296.944, -179.996, 0.015987, 0.00148945
89.183, 1, 0, 402.001, 308.928, 296.992, -179.997, -0.000105681, 3.02745e-06, 1, 25.2973, 477, 402.106, 308.974, 296.955, 179.995, 0.000429055, 0.00829186
119.218, 1, 1, 410.137, -144.456, 296.944, -179.996, 0.015987, 0.00148945, 1, 0.103154, 3, 410.086, -144.529, 296.885, -179.991, 0.0332656, 0.000902059
