Goal, 3
time, iter, marker, init_x, init_y, init_z, init_xrot, init_yrot, init_zrot,ok, time_elapsed, steps,x, y, z, xrot, yrot, zrot
Coarse Spiral Search
Bisect
22.185, -1, -1, 230.45, -621.227, 297, 180, 0, 0, 1, 22.2856, 178, 234.917, -618.714, 297, -180, 5.86768e-05, 0.000197023
51.778, -1, -2, -226.894, -629.108, 297, 180, 0, 0, 1, 22.0848, 178, -221.394, -627.61, 297, -180, 5.86727e-05, 0.000197036
Fine Spiral Search
76.373, 0, 0, 233.927, -567.924, 297, 180, 0, 0, 1, 0.000233911, 1, 233.929, -567.923, 297, -180, 5.8684e-05, 0.000197038
81.385, 0, 1, -222.382, -576.819, 297, -180, 5.8684e-05, 0.000197038, 1, 0.000219687, 1, -222.382, -576.82, 297, -180, 5.86894e-05, 0.000197044
86.396, 1, 0, 233.929, -567.923, 297, -180, 5.8684e-05, 0.000197038, 1, 0.102447, 3, 233.299, -567.938, 297, -180, 5.86822e-05, 0.00019704
91.309, 1, 1, -222.382, -576.82, 297, -180, 5.86894e-05, 0.000197044, 1, 0.000218896, 1, -221.571, -576.804, 297, -180, 5.86789e-05, 0.000197018
