Goal, RMMASq2
time, iter, marker, init_x, init_y, init_z, init_xrot, init_yrot, init_zrot,ok, time_elapsed, steps,x, y, z, xrot, yrot, zrot
Coarse Spiral Search
Bisect
12.431, -1, -1, 435.92, 180.555, 297, 180, 0, 0, 1, 22.5101, 181, 445.764, 193.427, 297, -180, 5.86846e-05, 0.000197025
42.531, -1, -2, 430.578, -278.172, 297, 180, 0, 0, 1, 22.2679, 178, 442.577, -263.921, 297, -180, 5.86786e-05, 0.000197014
Fine Spiral Search
67.331, 0, 0, 394.965, 193.781, 297, 180, 0, 0, 1, 3.40014, 63, 395.615, 194.344, 297, -180, 5.8691e-05, 0.000197019
75.605, 0, 1, 392.428, -263.004, 297, -180, 5.8691e-05, 0.000197019, 1, 0.10557, 3, 392.503, -263.003, 297, -180, 5.86787e-05, 0.000197026
80.58, 1, 0, 395.615, 194.344, 297, -180, 5.8691e-05, 0.000197019, 1, 0.104053, 3, 395.616, 194.338, 297, -180, 5.86857e-05, 0.000197005
85.47, 1, 1, 392.503, -263.003, 297, -180, 5.86787e-05, 0.000197026, 1, 8.76363e-05, 1, 392.503, -263.003, 297, -180, 5.86933e-05, 0.000197016
