Goal, 3
time, iter, marker, init_x, init_y, init_z, init_xrot, init_yrot, init_zrot,ok, time_elapsed, steps,x, y, z, xrot, yrot, zrot
Coarse Spiral Search
Bisect
22.155, -1, -1, 243.295, -638.654, 297, 180, 0, 0, 1, 22.1946, 178, 243.044, -636.157, 297, -180, 5.86689e-05, 0.000197019
51.771, -1, -2, -214.117, -638.552, 297, 180, 0, 0, 1, 22.5917, 179, -213.116, -638.552, 297, -180, 5.86581e-05, 0.000197016
Fine Spiral Search
76.976, 0, 0, 242.778, -585.357, 297, 180, 0, 0, 1, 0.103656, 3, 242.777, -585.357, 297, -180, 5.8656e-05, 0.000197011
81.99, 0, 1, -213.384, -587.753, 297, -180, 5.8656e-05, 0.000197011, 1, 0.000123277, 1, -213.386, -587.753, 297, -180, 5.86561e-05, 0.000197022
86.898, 1, 0, 242.777, -585.357, 297, -180, 5.8656e-05, 0.000197011, 1, 7.23066e-05, 1, 242.776, -585.357, 297, -180, 5.8654e-05, 0.000197007
91.804, 1, 1, -213.386, -587.753, 297, -180, 5.86561e-05, 0.000197022, 1, 0.102766, 3, -213.385, -587.753, 297, -180, 5.86548e-05, 0.000197017
