Goal, RMMASq1
time, iter, marker, init_x, init_y, init_z, init_xrot, init_yrot, init_zrot,ok, time_elapsed, steps,x, y, z, xrot, yrot, zrot
Edge
17.298, -1, -1, 379.991, -0.0156982, 297, 180, 0, 0, 1, 5.22013, 49, 272.404, -0.0494183, 296.979, -179.997, -0.00124556, 0.00277369
25.149, -1, -2, 272.404, -228.649, 297, 180, 0, 0, 1, 3.95045, 37, 270.378, -228.647, 296.928, -179.991, 0.00912524, 0.00731646
32.939, -1, -3, 323.204, 389.744, 297, 180, 0, 0, 0, 0, 0, 323.22, 389.736, 297.005, 179.996, -0.00770911, -0.00803583
