Goal, RMMASq2
time, iter, marker, init_x, init_y, init_z, init_xrot, init_yrot, init_zrot,ok, time_elapsed, steps,x, y, z, xrot, yrot, zrot
Coarse Spiral Search
Bisect
20.264, -1, -1, 466.981, 240.962, 297, 180, 0, 0, 1, 22.331, 181, 482.768, 228.993, 297.021, 179.994, -0.00942825, 0.00302148
49.935, -1, -2, 466.554, -215.197, 297, 180, 0, 0, 1, 23.1066, 188, 473.565, -227.808, 297.002, 179.99, -0.00197363, -0.00192715
Fine Spiral Search
75.755, 0, 0, 431.979, 230.016, 297, 180, 0, 0, 1, 0.000123165, 1, 431.898, 230.187, 296.965, -179.998, 0.0118628, 0.00125823
80.692, 0, 1, 422.695, -226.614, 296.965, -179.998, 0.0118628, 0.00125823, 1, 9.23735e-05, 1, 422.763, -224.359, 296.993, 179.996, 0.00881298, 0.0134122
85.522, 1, 0, 431.898, 230.187, 296.965, -179.998, 0.0118628, 0.00125823, 1, 8.68468e-05, 1, 431.836, 230.351, 296.925, 179.992, 0.0235839, 0.00758714
90.356, 1, 1, 422.763, -224.359, 296.993, 179.996, 0.00881298, 0.0134122, 1, 9.11892e-05, 1, 422.728, -224.346, 296.938, 179.996, 0.023856, 0.0223637
