Goal, RMMASq2
time, iter, marker, init_x, init_y, init_z, init_xrot, init_yrot, init_zrot,ok, time_elapsed, steps,x, y, z, xrot, yrot, zrot
Edge
32.124, -1, -1, 379.985, -0.000952377, 297, 180, 0, 0, 1, 3.78039, 36, 321.904, -0.0239108, 296.97, 179.99, -0.00627941, 0.00793358
52.716, -1, -2, 321.904, -228.624, 297, 180, 0, 0, 1, 2.31342, 22, 320.638, -228.668, 296.979, 179.999, 0.00677813, 0.00313711
73.855, -1, -3, 372.704, 359.076, 297, 180, 0, 0, 1, 2.33737, 23, 372.7, 364.598, 297.002, 179.997, -0.000226927, -0.0233154
73.855, -1, -4, N/A, N/A, N/A, NA, N/A, N/A, 1, 8.43118, 81, 323.923, 364.868, 297, 180, 0, 0
Fine Spiral Search
101.094, 0, 0, 424.959, 262.707, 297, 180, 0, 0, 1, 0.983189, 19, 424.248, 263.301, 296.85, 179.988, 0.0210106, -0.0174293
117.19, 0, 1, 421.718, -193.892, 296.85, 179.988, 0.0210106, -0.0174293, 1, 0.0005949, 1, 421.775, -191.408, 296.848, 179.987, 0.0108875, -0.0138805
