Goal, RMMASq2
time, iter, marker, init_x, init_y, init_z, init_xrot, init_yrot, init_zrot,ok, time_elapsed, steps,x, y, z, xrot, yrot, zrot
Coarse Spiral Search
Bisect
20.142, -1, -1, 451.661, 300.836, 297, 180, 0, 0, 1, 23.3222, 191, 465.954, 296.969, 297.013, -179.998, -0.00253523, 0.000260423
50.805, -1, -2, 463.971, -155.158, 297, 180, 0, 0, 1, 24.7244, 201, 470.949, -160.176, 296.977, -179.998, -0.00061179, -0.000627159
Fine Spiral Search
78.244, 0, 0, 415.157, 296.414, 297, 180, 0, 0, 1, 0.936558, 19, 414.631, 297.47, 297.034, -179.994, -0.0101854, 0.0129363
84.117, 0, 1, 419.626, -159.676, 297.034, -179.994, -0.0101854, 0.0129363, 1, 32.5857, 619, 421.012, -156.779, 296.928, -179.983, 0.000846312, 0.0150473
121.439, 1, 0, 414.631, 297.47, 297.034, -179.994, -0.0101854, 0.0129363, 1, 83.8031, 1583, 414.871, 297.808, 296.922, -179.985, 0.00945446, 0.0261277
209.873, 1, 1, 421.012, -156.779, 296.928, -179.983, 0.000846312, 0.0150473, 1, 11.3856, 219, 419.879, -157.334, 296.88, -179.968, 0.0232685, 0.0122857
