Goal, RMMASq2
time, iter, marker, init_x, init_y, init_z, init_xrot, init_yrot, init_zrot,ok, time_elapsed, steps,x, y, z, xrot, yrot, zrot
Edge
32.064, -1, -1, 379.994, -0.00779916, 297, 180, 0, 0, 1, 3.55697, 34, 317.342, -0.0114125, 297.033, -179.999, -0.00705314, -0.00100099
52.859, -1, -2, 317.342, -228.611, 297, 180, 0, 0, 1, 2.87142, 27, 312.777, -228.657, 296.95, -179.991, 0.0127985, 0.000933325
74.558, -1, -3, 368.142, 310.225, 297, 180, 0, 0, 1, 3.0971, 30, 368.15, 327.455, 297.029, -179.993, -0.00686855, -0.00465138
74.558, -1, -4, N/A, N/A, N/A, NA, N/A, N/A, 1, 9.5255, 91, 323.898, 328.339, 297, 180, 0, 0
Fine Spiral Search
102.208, 0, 0, 423.45, 224.731, 297, 180, 0, 0, 1, 0.973879, 19, 422.475, 225.193, 297.126, -179.989, -0.0161463, -0.00169396
118.306, 0, 1, 413.348, -231.916, 297.126, -179.989, -0.0161463, -0.00169396, 1, 0.000100663, 1, 413.311, -231.918, 297.157, -179.988, -0.014267, -0.00264344
