Goal, RMMASq2
time, iter, marker, init_x, init_y, init_z, init_xrot, init_yrot, init_zrot,ok, time_elapsed, steps,x, y, z, xrot, yrot, zrot
Coarse Spiral Search
12.948, -2, -1, 462.351, 192.964, 297, 180, 0, 0, 1, 1.21674, 5, 462.351, 202.963, 297, -180, 5.86789e-05, 0.000197016
Bisect
14.534, -1, -1, 462.351, 202.963, 297, 180, 0, 0, 1, 22.2838, 178, 462.774, 216.836, 297, -180, 5.86789e-05, 0.000197016
44.382, -1, -2, 455.358, -262.109, 297, 180, 0, 0, 0, 0, 0, 455.358, -262.109, 297, -180, 5.86898e-05, 0.000197026
