Goal, RMMASq1
time, iter, marker, init_x, init_y, init_z, init_xrot, init_yrot, init_zrot,ok, time_elapsed, steps,x, y, z, xrot, yrot, zrot
Edge
17.691, -1, -1, 380.019, -0.0306194, 297, 180, 0, 0, 1, 6.94862, 62, 310.235, -0.0324037, 297, 179.991, 0.000352578, 0.0107253
26.778, -1, -2, 310.235, -228.632, 297, 180, 0, 0, 0, 0, 0, 310.28, -228.602, 297.033, -179.999, -0.0121639, 0.0028795
33.479, -1, -3, 361.035, 228.568, 297, 180, 0, 0, 0, 0, 0, 361.02, 228.543, 297, 179.995, 0.000104651, 0.0062669
