Goal, RMMASq1
time, iter, marker, init_x, init_y, init_z, init_xrot, init_yrot, init_zrot,ok, time_elapsed, steps,x, y, z, xrot, yrot, zrot
Coarse Spiral Search
Bisect
19.911, -1, -1, 438.285, 303.998, 297, 180, 0, 0, 1, 28.1553, 232, 420.034, 312.426, 297, -180, 5.86672e-05, 0.000197023
55.42, -1, -2, 440.61, -154.132, 297, 180, 0, 0, 1, 25.4835, 208, 428.86, -145.228, 297, -180, 5.86768e-05, 0.000197016
Fine Spiral Search
83.621, 0, 0, 369.243, 311.446, 297, 180, 0, 0, 1, 21.7135, 403, 364.565, 316.268, 297, -180, 5.8686e-05, 0.000197012
110.275, 0, 1, 373.391, -141.385, 297, -180, 5.8686e-05, 0.000197012, 1, 11.2361, 211, 369.891, -143.385, 297, -180, 5.86869e-05, 0.00019702
126.46, 1, 0, 364.565, 316.268, 297, -180, 5.8686e-05, 0.000197012, 1, 0.000299226, 1, 364.565, 316.264, 297, -180, 5.86766e-05, 0.000197023
131.319, 1, 1, 369.891, -143.385, 297, -180, 5.86869e-05, 0.00019702, 1, 0.109208, 3, 369.9, -143.299, 297, -180, 5.86692e-05, 0.000197024
