Goal, RMMASq2
time, iter, marker, init_x, init_y, init_z, init_xrot, init_yrot, init_zrot,ok, time_elapsed, steps,x, y, z, xrot, yrot, zrot
Coarse Spiral Search
Bisect
19.32, -1, -1, 445.347, 215.648, 297, 180, 0, 0, 1, 23.5761, 188, 446.589, 206.645, 297, -180, 5.86768e-05, 0.000197019
50.064, -1, -2, 438.272, -234.697, 297, 180, 0, 0, 1, 22.1492, 175, 443.099, -250.977, 297, -180, 5.86871e-05, 0.000197007
Fine Spiral Search
74.724, 0, 0, 395.791, 207.033, 297, 180, 0, 0, 1, 7.54606, 139, 396.508, 207.897, 297, -180, 5.86756e-05, 0.000197016
87.118, 0, 1, 393.018, -249.725, 297, -180, 5.86756e-05, 0.000197016, 1, 8.96101e-05, 1, 393.037, -247.135, 297, -180, 5.86819e-05, 0.000197013
91.886, 1, 0, 396.508, 207.897, 297, -180, 5.86756e-05, 0.000197016, 1, 0.000180799, 1, 396.503, 207.28, 297, -180, 5.86766e-05, 0.000197009
96.755, 1, 1, 393.037, -247.135, 297, -180, 5.86819e-05, 0.000197013, 1, 0.000158693, 1, 393.037, -247.135, 297, -180, 5.86871e-05, 0.000197027
