Goal, RMMASq2
time, iter, marker, init_x, init_y, init_z, init_xrot, init_yrot, init_zrot,ok, time_elapsed, steps,x, y, z, xrot, yrot, zrot
Coarse Spiral Search
Bisect
20.481, -1, -1, 455.367, 286.691, 297, 180, 0, 0, 1, 22.1208, 179, 465.313, 271.198, 296.968, 179.995, 0.00178031, 0.0056418
49.954, -1, -2, 443.351, -171.546, 297, 180, 0, 0, 1, 21.8924, 177, 456.828, -185.063, 296.988, 179.994, 0.00664287, 0.00340073
Fine Spiral Search
74.57, 0, 0, 414.522, 272.143, 297, 180, 0, 0, 1, 0.824616, NA, 15, 414.999, 272.715, 296.921, 179.999, 0.0131898, 0.0140278
80.329, 0, 1, 406.515, -183.546, 296.921, 179.999, 0.0131898, 0.0140278, 1, 0.1013, NA, 1, 406.47, -183.561, 296.889, -179.997, 0.021825, 0.0222047
85.265, 1, 0, 414.999, 272.715, 296.921, 179.999, 0.0131898, 0.0140278, 1, 0.101522, NA, 1, 415.032, 272.744, 296.926, 179.997, 0.012449, 0.0140555
90.305, 1, 1, 406.47, -183.561, 296.889, -179.997, 0.021825, 0.0222047, 1, 0.100437, NA, 1, 406.423, -183.563, 296.856, -179.988, 0.0344944, 0.0264504
