Goal, RMMASq2
time, iter, marker, init_x, init_y, init_z, init_xrot, init_yrot, init_zrot,ok, time_elapsed, steps,x, y, z, xrot, yrot, zrot
Coarse Spiral Search
Bisect
12.719, -1, -1, 434.346, 201.832, 297, 180, 0, 0, 1, 23.4026, 187, 448.347, 193.035, 297, -180, 5.86973e-05, 0.000197021
43.316, -1, -2, 436.933, -255.424, 297, 180, 0, 0, 1, 23.8836, 192, 449.321, -263.925, 297, -180, 5.86786e-05, 0.000197022
Fine Spiral Search
69.935, 0, 0, 397.547, 192.926, 297, 180, 0, 0, 1, 1.70739, 33, 399.02, 193.717, 297, -180, 5.86749e-05, 0.000197018
76.634, 0, 1, 399.995, -263.243, 297, -180, 5.86749e-05, 0.000197018, 1, 8.40835e-05, 1, 399.995, -263.242, 297, -180, 5.8681e-05, 0.000197013
81.596, 1, 0, 399.02, 193.717, 297, -180, 5.86749e-05, 0.000197018, 1, 0.000137376, 1, 399.02, 193.717, 297, -180, 5.86727e-05, 0.000197013
86.582, 1, 1, 399.995, -263.242, 297, -180, 5.8681e-05, 0.000197013, 1, 0.107734, 3, 399.995, -263.242, 297, -180, 5.86766e-05, 0.00019702
