Goal, RMMASq2
time, iter, marker, init_x, init_y, init_z, init_xrot, init_yrot, init_zrot,ok, time_elapsed, steps,x, y, z, xrot, yrot, zrot
Coarse Spiral Search
Bisect
21.147, -1, -1, 466.72, 293.25, 297, 180, 0, 0, 1, 23.7355, 194, 487.974, 293.26, 297.005, 179.997, -0.00169975, 0.002204
52.262, -1, -2, 482.214, -162.646, 297, 180, 0, 0, 1, 24.1188, 198, 497.42, -163.725, 297.028, 179.992, -0.00280044, 0.00471183
Fine Spiral Search
79.014, 0, 0, 437.185, 292.211, 297, 180, 0, 0, 1, 0.324474, 7, 437.181, 292.899, 296.96, 179.995, -0.00192995, 0.0146638
84.307, 0, 1, 446.626, -164.086, 296.96, 179.995, -0.00192995, 0.0146638, 1, 0.000102637, 1, 446.625, -164.15, 296.945, 179.995, -7.98106e-05, 0.0101569
89.178, 1, 0, 437.181, 292.899, 296.96, 179.995, -0.00192995, 0.0146638, 1, 1.9398, 37, 437.096, 293.075, 296.984, 179.998, -0.0021516, 0.0318962
95.986, 1, 1, 446.625, -164.15, 296.945, 179.995, -7.98106e-05, 0.0101569, 1, 1.97379e-05, 1, 446.614, -164.248, 296.936, 179.997, -0.000646554, 0.000511068
