Goal, RMMASq2
time, iter, marker, init_x, init_y, init_z, init_xrot, init_yrot, init_zrot,ok, time_elapsed, steps,x, y, z, xrot, yrot, zrot
Edge
32.478, -1, -1, 379.987, -0.0113603, 297, 180, 0, 0, 1, 2.96165, 23, 315.115, -0.0477613, 297.123, 179.98, -0.0199649, 0.0106114
52.656, -1, -2, 315.115, -228.648, 297, 180, 0, 0, 1, 3.97512, 38, 308.619, -228.687, 297.005, 179.995, -0.00156775, -0.00125959
75.456, -1, -3, 365.915, 273.173, 297, 180, 0, 0, 1, 5.51533, 21, 365.892, 318.23, 297.017, -179.989, -0.000402067, -0.00915079
75.456, -1, -4, N/A, N/A, N/A, NA, N/A, N/A, 1, 12.4521, 82, 324.192, 319.414, 297, 180, 0, 0
Fine Spiral Search
105.04, 0, 0, 422.865, 214.97, 297, 180, 0, 0, 1, 1.05047, 21, 421.822, 215.404, 297.025, 180, -0.00364337, -0.00538358
121.2, 0, 1, 408.837, -241.611, 297.025, 180, -0.00364337, -0.00538358, 1, 0.104603, 3, 408.79, -241.645, 297.037, -179.997, 0.000913795, -0.00272063
