Goal, RMMASq1
time, iter, marker, init_x, init_y, init_z, init_xrot, init_yrot, init_zrot,ok, time_elapsed, steps,x, y, z, xrot, yrot, zrot
Coarse Spiral Search
12.818, -2, -1, 373.614, 188.96, 297, 180, 0, 0, 1, 3.85969, 13, 393.615, 198.961, 297, -180, 5.8682e-05, 0.00019703
50.958, -2, -2, 357.533, -271.543, 297, 180, 0, 0, 1, 10.4413, 31, 387.529, -251.581, 297, -180, 5.86841e-05, 0.00019702
Bisect
17.046, -1, -1, 393.615, 198.961, 297, 180, 0, 0, 1, 26.3325, 218, 408.869, 213.801, 297, -180, 5.8682e-05, 0.00019703
61.786, -1, -2, 387.529, -251.581, 297, 180, 0, 0, 1, 25.7142, 212, 401.779, -244.081, 297, -180, 5.86841e-05, 0.00019702
Fine Spiral Search
90.044, 0, 0, 358.075, 214.587, 297, 180, 0, 0, 