Goal, RMMASq1
time, iter, marker, init_x, init_y, init_z, init_xrot, init_yrot, init_zrot,ok, time_elapsed, steps,x, y, z, xrot, yrot, zrot
Coarse Spiral Search
Bisect
20.089, -1, -1, 463.744, 263.86, 297, 180, 0, 0, 1, 28.8269, 239, 446.256, 265.747, 296.989, 179.995, 0.000777222, -0.00756464
56.665, -1, -2, 470.014, -199.011, 297, 180, 0, 0, 1, 26.9685, 221, 457.975, -195.044, 297.008, 179.993, 0.00381069, 0.000218946
Fine Spiral Search
86.255, 0, 0, 395.472, 264.455, 297, 180, 0, 0, 1, 54.9379, 1021, 391.435, 268.193, 297.052, -179.994, 0.00169118, 0.0143247
146.161, 0, 1, 403.154, -192.599, 297.052, -179.994, 0.00169118, 0.0143247, 1, 21.8665, 411, 398.062, -191.265, 296.944, -179.98, 0.0219008, 0.0114037
172.972, 1, 0, 391.435, 268.193, 297.052, -179.994, 0.00169118, 0.0143247, 1, 0.00013027, 1, 391.406, 268.219, 297.042, -179.998, 0.00391788, 0.0171238
177.922, 1, 1, 398.062, -191.265, 296.944, -179.98, 0.0219008, 0.0114037, 1, 0.320051, 7, 397.605, -191.343, 296.94, -179.981, 0.0188738, 0.00374073
