Goal, RMMASq2
time, iter, marker, init_x, init_y, init_z, init_xrot, init_yrot, init_zrot,ok, time_elapsed, steps,x, y, z, xrot, yrot, zrot
Coarse Spiral Search
Bisect
13.213, -1, -1, 441.993, 204.191, 297, 180, 0, 0, 1, 23.6983, 192, 456.917, 199.232, 297, -180, 5.86758e-05, 0.000197018
44.501, -1, -2, 444.572, -252.911, 297, 180, 0, 0, 1, 24.0293, 193, 456.572, -258.412, 297, -180, 5.86744e-05, 0.000197027
Fine Spiral Search
71.067, 0, 0, 406.117, 199.27, 297, 180, 0, 0, 1, 0.000210801, 1, 406.118, 199.26, 297, -180, 5.86808e-05, 0.000197001
76.05, 0, 1, 405.773, -258.383, 297, -180, 5.86808e-05, 0.000197001, 1, 0.104574, 3, 405.897, -258.384, 297, -180, 5.86908e-05, 0.000197009
81.127, 1, 0, 406.118, 199.26, 297, -180, 5.86808e-05, 0.000197001, 1, 10.186, 189, 407.75, 199.278, 297, -180, 5.86892e-05, 0.000197018
96.082, 1, 1, 405.897, -258.384, 297, -180, 5.86908e-05, 0.000197009, 1, 0.326159, 7, 405.898, -257.885, 297, -180, 5.87028e-05, 0.000197
