Goal, RMMASq1
time, iter, marker, init_x, init_y, init_z, init_xrot, init_yrot, init_zrot,ok, time_elapsed, steps,x, y, z, xrot, yrot, zrot
Coarse Spiral Search
13.122, -2, -1, 414.373, 240.607, 297, 180, 0, 0, 1, 4.39466, 15, 424.374, 260.606, 297, -180, 5.86749e-05, 0.000197029
50.366, -2, -2, 415.177, -220.176, 297, 180, 0, 0, 1, 4.49655, 15, 425.178, -200.176, 297, -180, 5.86912e-05, 0.000197016
Bisect
17.877, -1, -1, 424.374, 260.606, 297, 180, 0, 0, 1, 24.7354, 203, 415.37, 279.933, 297, -180, 5.86749e-05, 0.00019702
55.223, -1, -2, 425.178, -200.176, 297, 180, 0, 0, 0, 0, 0, 425.178, -200.176, 297, -180, 5.86912e-05, 0.000197016
