Goal, RMMASq2
time, iter, marker, init_x, init_y, init_z, init_xrot, init_yrot, init_zrot,ok, time_elapsed, steps,x, y, z, xrot, yrot, zrot
Coarse Spiral Search
Bisect
12.924, -1, -1, 460.477, 168.175, 297, 180, 0, 0, 1, 18.8057, 148, 454.229, 188.427, 297, -180, 5.86765e-05, 0.000197024
39.318, -1, -2, 452.691, -286.885, 297, 180, 0, 0, 1, 20.5258, 163, 453.69, -268.632, 297, -180, 5.86931e-05, 0.000197008
Fine Spiral Search
62.296, 0, 0, 403.429, 188.487, 297, 180, 0, 0, 1, 4.92102, 93, 405.637, 190.777, 297, -180, 5.86777e-05, 0.000197015
72.204, 0, 1, 405.099, -266.281, 297, -180, 5.86777e-05, 0.000197015, 1, 0.000125533, 1, 405.099, -266.281, 297, -180, 5.86728e-05, 0.000197012
77.167, 1, 0, 405.637, 190.777, 297, -180, 5.86777e-05, 0.000197015, 1, 0.000133428, 1, 405.637, 190.777, 297, -180, 5.86666e-05, 0.000197018
82.232, 1, 1, 405.099, -266.281, 297, -180, 5.86728e-05, 0.000197012, 1, 8.40835e-05, 1, 405.098, -266.281, 297, -180, 5.86703e-05, 0.000197022
