Goal, RMMASq2
time, iter, marker, init_x, init_y, init_z, init_xrot, init_yrot, init_zrot,ok, time_elapsed, steps,x, y, z, xrot, yrot, zrot
Coarse Spiral Search
Bisect
19.961, -1, -1, 455.303, 308.148, 297, 180, 0, 0, 1, 23.8703, 194, 471.598, 309.335, 297, -180, 5.8681e-05, 0.000197021
51.188, -1, -2, 478.75, -147.408, 297, 180, 0, 0, 1, 24.695, 200, 489.205, -147.973, 297, -180, 5.86807e-05, 0.000197005
Fine Spiral Search
78.396, 0, 0, 420.836, 307.38, 297, 180, 0, 0, 1, 0.000184747, 1, 420.848, 307.295, 297, -180, 5.86801e-05, 0.000197028
83.334, 0, 1, 438.455, -150.012, 297, -180, 5.86801e-05, 0.000197028, 1, 0.530927, 11, 438.304, -146.612, 297, -180, 5.86852e-05, 0.000197003
88.714, 1, 0, 420.848, 307.295, 297, -180, 5.86801e-05, 0.000197028, 1, 0.105347, 3, 420.848, 307.295, 297, -180, 5.86872e-05, 0.000197025
93.763, 1, 1, 438.304, -146.612, 297, -180, 5.86852e-05, 0.000197003, 1, 0.000590953, 1, 438.304, -146.612, 297, -180, 5.86789e-05, 0.000197012
