Goal, 3
time, iter, marker, init_x, init_y, init_z, init_xrot, init_yrot, init_zrot,ok, time_elapsed, steps,x, y, z, xrot, yrot, zrot
Coarse Spiral Search
Bisect
22.193, -1, -1, 229.617, -629.419, 297, 180, 0, 0, 1, 22.0909, 178, 241.978, -629.959, 297, -180, 5.86707e-05, 0.000197014
51.997, -1, -2, -227.697, -638.896, 297, 180, 0, 0, 1, 22.2968, 180, -214.362, -642.896, 297, -180, 5.86728e-05, 0.000197015
Fine Spiral Search
76.809, 0, 0, 240.538, -579.179, 297, 180, 0, 0, 1, 0.000118535, 1, 240.493, -579.186, 297, -180, 5.86744e-05, 0.000197021
81.716, 0, 1, -215.847, -592.123, 297, -180, 5.86744e-05, 0.000197021, 1, 0.000113004, 1, -214.609, -592.088, 297, -180, 5.86716e-05, 0.00019701
86.527, 1, 0, 240.493, -579.186, 297, -180, 5.86744e-05, 0.000197021, 1, 0.000172272, 1, 240.492, -579.186, 297, -180, 5.8684e-05, 0.00019701
91.438, 1, 1, -214.609, -592.088, 297, -180, 5.86716e-05, 0.00019701, 1, 0.000172272, 1, -214.61, -592.088, 297, -180, 5.86751e-05, 0.000197013
