Goal, 3
time, iter, marker, init_x, init_y, init_z, init_xrot, init_yrot, init_zrot,ok, time_elapsed, steps,x, y, z, xrot, yrot, zrot
Coarse Spiral Search
Bisect
21.805, -1, -1, 242.354, -624.096, 297, 180, 0, 0, 1, 22.1034, 178, 251.779, -622.592, 297, -180, 5.86727e-05, 0.000197019
51.626, -1, -2, -214.783, -639.957, 297, 180, 0, 0, 1, 22.3007, 180, -204.898, -640.61, 297, -180, 5.86667e-05, 0.000197021
Fine Spiral Search
76.443, 0, 0, 249.776, -571.831, 297, 180, 0, 0, 1, 7.94191e-05, 1, 249.663, -571.848, 297, -180, 5.86788e-05, 0.000197023
81.351, 0, 1, -207.014, -589.867, 297, -180, 5.86788e-05, 0.000197023, 1, 0.101637, 3, -207.014, -589.867, 297, -180, 5.86768e-05, 0.00019702
86.36, 1, 0, 249.663, -571.848, 297, -180, 5.86788e-05, 0.000197023, 1, 0.000125648, 1, 249.664, -571.848, 297, -180, 5.86776e-05, 0.000197018
91.268, 1, 1, -207.014, -589.867, 297, -180, 5.86768e-05, 0.00019702, 1, 8.61361e-05, 1, -207.013, -589.867, 297, -180, 5.86848e-05, 0.000197017
