Goal, RMMASq1
time, iter, marker, init_x, init_y, init_z, init_xrot, init_yrot, init_zrot,ok, time_elapsed, steps,x, y, z, xrot, yrot, zrot
Coarse Spiral Search
Bisect
13.885, -1, -1, 415.132, 270.832, 297, 180, 0, 0, 1, 28.0478, 233, 421.633, 273.983, 297, -180, 5.86828e-05, 0.000197016
49.272, -1, -2, 409.503, -189.917, 297, 180, 0, 0, 1, 25.5123, 210, 426.288, -184.465, 297, -180, 5.86788e-05, 0.000197015
Fine Spiral Search
77.489, 0, 0, 370.836, 273.467, 297, 180, 0, 0, 1, 21.0755, 399, 367.451, 278.457, 297, -180, 5.86777e-05, 0.000197017
103.491, 0, 1, 372.106, -179.992, 297, -180, 5.86777e-05, 0.000197017, 1, 22.0276, 417, 367.106, -182.471, 297, -180, 5.86727e-05, 0.000197019
130.481, 1, 0, 367.451, 278.457, 297, -180, 5.86777e-05, 0.000197017, 1, 0.000216722, 1, 367.451, 278.457, 297, -180, 5.86788e-05, 0.000197017
135.418, 1, 1, 367.106, -182.471, 297, -180, 5.86727e-05, 0.000197019, 1, 6.01527, 115, 365.108, -180.276, 297, -180, 5.86891e-05, 0.000197013
