Goal, RMMASq1
time, iter, marker, init_x, init_y, init_z, init_xrot, init_yrot, init_zrot,ok, time_elapsed, steps,x, y, z, xrot, yrot, zrot
Coarse Spiral Search
20.12, -2, -1, 448.273, 262.747, 297, 180, 0, 0, 1, 4.73343, 17, 438.243, 282.769, 296.984, 179.993, 0.000178736, 0.00920618
Bisect
25.211, -1, -1, 438.243, 282.769, 297, 180, 0, 0, 1, 28.5131, 235, 417.543, 290.772, 297.028, 179.996, -0.00685263, 0.00509017
61.302, -1, -2, 455.351, -200.112, 297, 180, 0, 0, 0, 0, 0, 455.355, -200.106, 296.987, -179.998, -0.00281115, -7.45086e-05
