Goal, 3
time, iter, marker, init_x, init_y, init_z, init_xrot, init_yrot, init_zrot,ok, time_elapsed, steps,x, y, z, xrot, yrot, zrot
Coarse Spiral Search
Bisect
22.531, -1, -1, 211.554, -625.987, 297, 180, 0, 0, 1, 22.6933, 182, 221.514, -627.976, 297, -180, 5.86767e-05, 0.000197023
52.737, -1, -2, -245.858, -625.884, 297, 180, 0, 0, 1, 22.0908, 178, -234.891, -630.96, 297, -180, 5.86811e-05, 0.000197032
Fine Spiral Search
77.341, 0, 0, 221.182, -577.177, 297, 180, 0, 0, 1, 0.000109843, 1, 220.85, -577.217, 297, -180, 5.86626e-05, 0.000197038
82.251, 0, 1, -235.555, -580.201, 297, -180, 5.86626e-05, 0.000197038, 1, 0.103364, 3, -235.555, -580.201, 297, -180, 5.86749e-05, 0.000197024
87.265, 1, 0, 220.85, -577.217, 297, -180, 5.86626e-05, 0.000197038, 1, 0.000137501, 1, 220.849, -577.218, 297, -180, 5.86873e-05, 0.000197023
92.174, 1, 1, -235.555, -580.201, 297, -180, 5.86749e-05, 0.000197024, 1, 0.104271, 3, -234.829, -580.197, 297, -180, 5.8684e-05, 0.000197015
