Goal, 3
time, iter, marker, init_x, init_y, init_z, init_xrot, init_yrot, init_zrot,ok, time_elapsed, steps,x, y, z, xrot, yrot, zrot
Coarse Spiral Search
Bisect
22.331, -1, -1, 244.317, -621.164, 297, 180, 0, 0, 1, 22.7025, 184, 251.819, -617.207, 297, -180, 5.86779e-05, 0.000196971
52.554, -1, -2, -213.052, -612.459, 297, 180, 0, 0, 1, 22.5044, 182, -204.585, -616.93, 297, -180, 5.86811e-05, 0.000197016
Fine Spiral Search
77.778, 0, 0, 251.849, -566.407, 297, 180, 0, 0, 1, 0.000129204, 1, 251.521, -566.444, 297, -180, 5.86684e-05, 0.000197028
82.691, 0, 1, -204.882, -566.167, 297, -180, 5.86684e-05, 0.000197028, 1, 0.000112214, 1, -204.275, -566.167, 297, -180, 5.86811e-05, 0.000197014
87.501, 1, 0, 251.521, -566.444, 297, -180, 5.86684e-05, 0.000197028, 1, 0.102409, 3, 251.521, -566.443, 297, -180, 5.86831e-05, 0.000197015
92.514, 1, 1, -204.275, -566.167, 297, -180, 5.86811e-05, 0.000197014, 1, 0.000150145, 1, -204.275, -566.166, 297, -180, 5.86748e-05, 0.000197026
