Goal, RMMASq2
time, iter, marker, init_x, init_y, init_z, init_xrot, init_yrot, init_zrot,ok, time_elapsed, steps,x, y, z, xrot, yrot, zrot
Coarse Spiral Search
Bisect
20.327, -1, -1, 462.344, 281.74, 297, 180, 0, 0, 1, 22.9848, 185, 478.344, 271.49, 297, -180, 5.86787e-05, 0.000197015
50.719, -1, -2, 475.45, -174.231, 297, 180, 0, 0, 1, 23.4757, 186, 486.357, -186.69, 297, -180, 5.86838e-05, 0.000197012
Fine Spiral Search
76.945, 0, 0, 427.552, 270.602, 297, 180, 0, 0, 1, 0.880074, 17, 427.935, 271.202, 297, -180, 5.86769e-05, 0.000197012
82.787, 0, 1, 435.948, -186.978, 297, -180, 5.86769e-05, 0.000197012, 1, 0.211072, 5, 435.948, -186.478, 297, -180, 5.86848e-05, 0.00019702
87.993, 1, 0, 427.935, 271.202, 297, -180, 5.86769e-05, 0.000197012, 1, 0.103301, 3, 427.946, 271.115, 297, -180, 5.8683e-05, 0.000197019
92.862, 1, 1, 435.948, -186.478, 297, -180, 5.86848e-05, 0.00019702, 1, 0.000158693, 1, 435.901, -183.668, 297, -180, 5.86766e-05, 0.000197028
