Goal, RMMASq2
time, iter, marker, init_x, init_y, init_z, init_xrot, init_yrot, init_zrot,ok, time_elapsed, steps,x, y, z, xrot, yrot, zrot
Edge
32.753, -1, -1, 379.979, -0.00769574, 297, 180, 0, 0, 1, 3.32291, 31, 323.78, -0.0276471, 296.967, -179.997, 0.00583594, 0.0157671
53.195, -1, -2, 323.78, -228.628, 297, 180, 0, 0, 1, 2.84703, 27, 321.519, -228.688, 297.028, 179.996, -0.000198607, -0.00919246
74.88, -1, -3, 374.58, 333.571, 297, 180, 0, 0, 1, 3.56266, 35, 374.536, 354.332, 296.989, -179.999, 0.00464962, 0.0123416
74.88, -1, -4, N/A, N/A, N/A, NA, N/A, N/A, 1, 9.7326, 93, 327.289, 354.8, 297, 180, 0, 0
Fine Spiral Search
103.032, 0, 0, 427.88, 252.2, 297, 180, 0, 0, 1, 0.961652, 19, 427.232, 252.822, 296.873, 179.982, 0.0168174, 0.00293847
119.106, 0, 1, 422.71, -204.356, 296.873, 179.982, 0.0168174, 0.00293847, 1, 0.000132639, 1, 422.695, -202.492, 296.873, 179.984, 0.0229871, 0.00344989
