Goal, RMMASq2
time, iter, marker, init_x, init_y, init_z, init_xrot, init_yrot, init_zrot,ok, time_elapsed, steps,x, y, z, xrot, yrot, zrot
Coarse Spiral Search
12.757, -2, -1, 440.688, 197.289, 297, 180, 0, 0, 1, 0.556708, 3, 450.7, 197.328, 297, -180, 5.86749e-05, 0.000197018
Bisect
13.677, -1, -1, 450.7, 197.328, 297, 180, 0, 0, 1, 22.5993, 181, 460.246, 210.328, 297, -180, 5.86749e-05, 0.000197018
43.547, -1, -2, 436.146, -261.446, 297, 180, 0, 0, 0, 0, 0, 436.146, -261.444, 297, -180, 5.86777e-05, 0.000197018
