Goal, RMMASq2
time, iter, marker, init_x, init_y, init_z, init_xrot, init_yrot, init_zrot,ok, time_elapsed, steps,x, y, z, xrot, yrot, zrot
Coarse Spiral Search
Bisect
19.267, -1, -1, 449.542, 213.14, 297, 180, 0, 0, 1, 23.6607, 189, 450.541, 205.14, 297, -180, 5.86724e-05, 0.000197033
50.403, -1, -2, 444.039, -237.226, 297, 180, 0, 0, 1, 22.4483, 178, 448.58, -252, 297, -180, 5.86828e-05, 0.000197016
Fine Spiral Search
76.463, 0, 0, 399.742, 205.358, 297, 180, 0, 0, 1, 0.868011, 17, 399.906, 206.046, 297, -180, 5.86777e-05, 0.000197014
82.548, 0, 1, 397.945, -251.094, 297, -180, 5.86777e-05, 0.000197014, 1, 0.000188694, 1, 397.945, -251.094, 297, -180, 5.86747e-05, 0.000197024
87.731, 1, 0, 399.906, 206.046, 297, -180, 5.86777e-05, 0.000197014, 1, 7.53988e-05, 1, 399.906, 206.046, 297, -180, 5.86809e-05, 0.000197017
92.9, 1, 1, 397.945, -251.094, 297, -180, 5.86747e-05, 0.000197024, 1, 0.00011369, 1, 397.956, -248.418, 297, -180, 5.86912e-05, 0.000197
