Goal, RMMASq2
time, iter, marker, init_x, init_y, init_z, init_xrot, init_yrot, init_zrot,ok, time_elapsed, steps,x, y, z, xrot, yrot, zrot
Coarse Spiral Search
19.464, -2, -1, 410.693, 160.391, 297, 180, 0, 0, 1, 3.21647, 11, 430.695, 150.391, 297, -180, 5.86847e-05, 0.000197019
48.871, -2, -2, 394.3, -297.876, 297, 180, 0, 0, 1, 3.76268, 13, 414.301, -287.873, 297, -180, 5.86848e-05, 0.000197017
Bisect
23.042, -1, -1, 430.695, 150.391, 297, 180, 0, 0, 1, 18.515, 147, 439.46, 170.892, 297, -180, 5.86847e-05, 0.000197019
53.024, -1, -2, 414.301, -287.873, 297, 180, 0, 0, 1, 24.556, 200, 432.051, -285.904, 297, -180, 5.86748e-05, 0.000197016
Fine Spiral Search
