Goal, RMMASq1
time, iter, marker, init_x, init_y, init_z, init_xrot, init_yrot, init_zrot,ok, time_elapsed, steps,x, y, z, xrot, yrot, zrot
Edge
17.042, -1, -1, 379.997, -0.0201075, 297, 180, 0, 0, 1, 4.54175, 43, 279.098, -0.057312, 296.91, -179.995, 0.011536, 0.00616465
24.034, -1, -2, 279.098, -228.657, 297, 180, 0, 0, 1, 3.70964, 35, 280.942, -228.638, 297.005, -179.995, 0.0099272, 0.00960117
31.693, -1, -3, 329.898, 395.334, 297, 180, 0, 0, 0, 0, 0, 329.916, 395.288, 296.995, 179.995, 0.000422826, -0.00310709
