Goal, RMMASq1
time, iter, marker, init_x, init_y, init_z, init_xrot, init_yrot, init_zrot,ok, time_elapsed, steps,x, y, z, xrot, yrot, zrot
Coarse Spiral Search
13.786, -2, -1, 471.25, 269.09, 297, 180, 0, 0, 1, 4.32587, 15, 481.251, 289.089, 297, -180, 5.86872e-05, 0.000197033
Bisect
18.496, -1, -1, 481.251, 289.089, 297, 180, 0, 0, 1, 27.6073, 226, 461.75, 297.838, 297, -180, 5.86872e-05, 0.000197033
54.117, -1, -2, 471.177, -189.046, 297, 180, 0, 0, 0, 0, 0, 471.177, -189.045, 297, -180, 5.86927e-05, 0.000197012
