Goal, RMMASq1
time, iter, marker, init_x, init_y, init_z, init_xrot, init_yrot, init_zrot,ok, time_elapsed, steps,x, y, z, xrot, yrot, zrot
Coarse Spiral Search
Bisect
20.564, -1, -1, 454.344, 251.2, 297, 180, 0, 0, 1, 28.547, 235, 442.588, 260.95, 297, -180, 5.86726e-05, 0.000197019
56.902, -1, -2, 455.767, -211.712, 297, 180, 0, 0, 1, 26.2797, 215, 451.018, -198.964, 297, -180, 5.86847e-05, 0.00019701
Fine Spiral Search
85.925, 0, 0, 391.796, 260.019, 297, 180, 0, 0, 1, 77.7004, 1439, 386.432, 264.604, 297, -180, 5.8695e-05, 0.000196994
168.492, 0, 1, 394.862, -195.31, 297, -180, 5.8695e-05, 0.000196994, 1, 22.2952, 413, 389.863, -194.914, 297, -180, 5.8686e-05, 0.000197023
195.756, 1, 0, 386.432, 264.604, 297, -180, 5.8695e-05, 0.000196994, 1, 8.52677e-05, 1, 386.432, 264.603, 297, -180, 5.86892e-05, 0.000197017
200.722, 1, 1, 389.863, -194.914, 297, -180, 5.8686e-05, 0.000197023, 1, 7.73726e-05, 1, 389.863, -194.914, 297, -180, 5.86768e-05, 0.000197019
