Goal, RMMASq3
time, iter, marker, init_x, init_y, init_z, init_xrot, init_yrot, init_zrot,ok, time_elapsed, steps,x, y, z, xrot, yrot, zrot
Coarse Spiral Search
177.834, -2, -1, 520.421, 251.882, 297, 180, 0, 0, 1, 1.66753, 7, 510.45, 251.886, 296.861, 179.99, 0.00889365, 0.00593988
226.05, -2, -2, 513.715, -207.138, 297, 180, 0, 0, 1, 1.56844, 7, 503.697, -207.156, 297.04, 179.999, -0.0079784, -0.000290026
Bisect
179.857, -1, -1, 510.45, 251.886, 297, 180, 0, 0, 1, 23.9372, 193, 497.871, 246.547, 296.89, 179.993, 0.0063355, 0.0134826
227.974, -1, -2, 503.697, -207.156, 297, 180, 0, 0, 1, 24.0363, 194, 491.26, -211.675, 296.996, 179.992, -0.00145481, -0.00238452
Fine Spiral Search
269.529, 0, 0, 447.076, 247.28, 297, 180, 0, 0, 1, 0.0001432, NA, 1, 447.081, 247.265, 296.953, 179.987, 0.00436336, -0.000431561
289.632, 0, 1, 440.47, -210.957, 296.953, 179.987, 0.00436336, -0.000431561, 1, 1.79435, NA, 35, 441.402, -209.488, 296.917, 179.995, 0.0124129, -0.00278252
