Goal, RMMASq3
time, iter, marker, init_x, init_y, init_z, init_xrot, init_yrot, init_zrot,ok, time_elapsed, steps,x, y, z, xrot, yrot, zrot
Coarse Spiral Search
Bisect
178.389, -1, -1, 483.264, 245.562, 297, 180, 0, 0, 1, 24.7239, 195, 475.025, 247.046, 296.989, 179.991, -0.00327093, -0.00205132
225.725, -1, -2, 476.175, -210.492, 297, 180, 0, 0, 1, 25.0458, 198, 467.017, -211.011, 296.978, -180, 0.00533754, 0.000679339
Fine Spiral Search
268.721, 0, 0, 424.232, 247.934, 297, 180, 0, 0, 1, 0.0007401, NA, 1, 424.202, 248.013, 296.979, -179.995, 0.00296989, -0.00012302
288.732, 0, 1, 416.194, -210.044, 296.979, -179.995, 0.00296989, -0.00012302, 1, 0.939566, NA, 19, 415.656, -209.112, 296.98, -179.995, 0.00331737, -0.0168408
