Goal, RMMASq2
time, iter, marker, init_x, init_y, init_z, init_xrot, init_yrot, init_zrot,ok, time_elapsed, steps,x, y, z, xrot, yrot, zrot
Coarse Spiral Search
Bisect
21.053, -1, -1, 455.215, 276.417, 297, 180, 0, 0, 1, 21.0863, 164, 450.719, 256.11, 296.978, 179.995, 0.0014908, -0.00162129
49.499, -1, -2, 440.564, -180.766, 297, 180, 0, 0, 1, 20.8804, 164, 439.785, -202.288, 296.998, -179.999, -0.00037467, 0.00277262
Fine Spiral Search
73.092, 0, 0, 399.933, 257.321, 297, 180, 0, 0, 1, 0.818528, NA, 17, 400.47, 258.286, 297.004, 179.996, -0.00929269, -0.00607758
78.913, 0, 1, 389.537, -200.112, 297.004, 179.996, -0.00929269, -0.00607758, 1, 0.72439, NA, 15, 390.312, -199.583, 296.835, -179.989, 0.0215174, -0.00725885
