Goal, RMMASq3
time, iter, marker, init_x, init_y, init_z, init_xrot, init_yrot, init_zrot,ok, time_elapsed, steps,x, y, z, xrot, yrot, zrot
Coarse Spiral Search
Bisect
180.643, -1, -1, 492.594, 235.199, 297, 180, 0, 0, 1, 24.9273, 202, 490.561, 233.667, 297.013, 179.995, 0.00605249, -0.00246228
228.017, -1, -2, 480.729, -220.756, 297, 180, 0, 0, 1, 24.6365, 199, 478.766, -223.784, 297.013, 179.995, -0.00201731, -0.000501926
Fine Spiral Search
270.374, 0, 0, 439.777, 234.976, 297, 180, 0, 0, 1, 1.77419, NA, 35, 440.676, 236.508, 296.979, 179.996, 0.0169014, 0.0116759
292.232, 0, 1, 428.882, -220.943, 296.979, 179.996, 0.0169014, 0.0116759, 1, 0.0003073, NA, 1, 428.849, -221.014, 296.928, -179.996, 0.0238756, 0.013701
