Goal, RMMASq2
time, iter, marker, init_x, init_y, init_z, init_xrot, init_yrot, init_zrot,ok, time_elapsed, steps,x, y, z, xrot, yrot, zrot
Coarse Spiral Search
Bisect
180.457, -1, -1, 480.592, 182.306, 297, 180, 0, 0, 1, 24.6435, 201, 478.888, 184.257, 296.987, -179.998, -0.00328311, 0.00280974
227.766, -1, -2, 471.789, -276.091, 297, 180, 0, 0, 1, 24.7531, 201, 468.617, -273.111, 297.005, 179.997, -0.00159312, 0.00216281
Fine Spiral Search
270.436, 0, 0, 428.101, 185.397, 297, 180, 0, 0, 1, 0.720066, NA, 15, 428.621, 186.308, 296.994, 179.995, -0.00209505, 0.00780967
291.157, 0, 1, 418.35, -271.06, 296.994, 179.995, -0.00209505, 0.00780967, 1, 7.77e-05, NA, 1, 418.329, -271.106, 297.014, 179.992, -0.00432813, 0.00482943
