Goal, RMMASq3
time, iter, marker, init_x, init_y, init_z, init_xrot, init_yrot, init_zrot,ok, time_elapsed, steps,x, y, z, xrot, yrot, zrot
Coarse Spiral Search
181.469, -2, -1, 499.185, 213.788, 297, 180, 0, 0, 1, 0.453122, 3, 509.214, 213.807, 296.934, 179.985, 0.00822293, 0.000292312
229.059, -2, -2, 482.546, -242.017, 297, 180, 0, 0, 1, 0.455676, 3, 492.65, -242.107, 296.918, 179.998, -0.0028515, 0.00593123
Bisect
182.28, -1, -1, 509.214, 213.807, 297, 180, 0, 0, 1, 24.3313, 200, 523.462, 207.388, 296.991, 179.991, 0.00865412, 0.00447451
229.874, -1, -2, 492.65, -242.107, 297, 180, 0, 0, 1, 24.3081, 198, 503.946, -250.137, 296.947, 179.996, -0.00746415, 0.00455894
Fine Spiral Search
271.906, 0, 0, 472.709, 209.552, 297, 180, 0, 0, 1, 0.745469, NA, 15, 473.464, 210.307, 297.014, 179.998, -0.00329873, 0.00919001
292.639, 0, 1, 453.948, -247.217, 297.014, 179.998, -0.00329873, 0.00919001, 1, 0.0001076, NA, 1, 453.94, -247.275, 297.027, 179.994, -0.00488824, 0.00941399
