Goal, RMMASq2
time, iter, marker, init_x, init_y, init_z, init_xrot, init_yrot, init_zrot,ok, time_elapsed, steps,x, y, z, xrot, yrot, zrot
Coarse Spiral Search
Bisect
181.166, -1, -1, 448.458, 268.231, 297, 180, 0, 0, 1, 24.7284, 199, 447.035, 261.327, 296.998, 179.997, -0.00592253, -0.00271501
228.327, -1, -2, 423.277, -189.111, 297, 180, 0, 0, 1, 24.5375, 198, 423.191, -195.577, 296.97, -179.999, -0.00102262, 0.000497335
Fine Spiral Search
270.584, 0, 0, 396.304, 263.975, 297, 180, 0, 0, 1, 0.946898, NA, 19, 395.738, 265.044, 296.928, 179.995, 0.0123164, 0.00832986
291.538, 0, 1, 371.893, -191.86, 296.928, 179.995, 0.0123164, 0.00832986, 1, 0.0001819, NA, 1, 371.819, -191.876, 296.934, 179.997, 0.0236604, -0.00284335
