Goal, RMMASq2
time, iter, marker, init_x, init_y, init_z, init_xrot, init_yrot, init_zrot,ok, time_elapsed, steps,x, y, z, xrot, yrot, zrot
Coarse Spiral Search
Bisect
21.048, -1, -1, 450.58, 287.145, 297, 180, 0, 0, 1, 21.0769, 166, 450.537, 266.825, 297.003, 179.991, -0.000618112, -0.00282012
49.381, -1, -2, 437.525, -170.087, 297, 180, 0, 0, 1, 21.3594, 167, 440.22, -190.366, 297.008, -180, 0.00335215, -0.000424925
Fine Spiral Search
73.663, 0, 0, 399.75, 267.971, 297, 180, 0, 0, 1, 1.69149, NA, 33, 400.732, 269.482, 296.936, 179.983, 0.00617466, 0.00972165
80.441, 0, 1, 390.416, -187.71, 296.936, 179.983, 0.00617466, 0.00972165, 1, 0.0003461, NA, 1, 390.361, -187.769, 296.901, 179.991, 0.0155573, 0.00634943
