Goal, RMMASq2
time, iter, marker, init_x, init_y, init_z, init_xrot, init_yrot, init_zrot,ok, time_elapsed, steps,x, y, z, xrot, yrot, zrot
Coarse Spiral Search
Bisect
34.713, -1, -1, 458.214, 217.39, 297, 180, 0, 0, 1, 24.5085, 197, 464.139, 208.862, 297.016, 179.995, 0.0032967, -0.00217924
81.688, -1, -2, 446.756, -239.884, 297, 180, 0, 0, 1, 24.1532, 198, 454.088, -249.414, 296.968, -179.994, -0.00146841, -0.00181727
Fine Spiral Search
123.558, 0, 0, 413.351, 209.976, 297, 180, 0, 0, 1, 0.0001337, NA, 1, 413.338, 210.069, 296.99, -179.998, 0.00163613, 0.000395366
143.5, 0, 1, 403.287, -248.207, 296.99, -179.998, 0.00163613, 0.000395366, 1, 1.75553, NA, 35, 404.187, -246.793, 296.914, -179.993, 0.0153119, -0.00115966
