Goal, RMMASq2
time, iter, marker, init_x, init_y, init_z, init_xrot, init_yrot, init_zrot,ok, time_elapsed, steps,x, y, z, xrot, yrot, zrot
Coarse Spiral Search
Bisect
180.352, -1, -1, 464.211, 192.481, 297, 180, 0, 0, 1, 24.4334, 195, 468.344, 183.48, 297.034, -179.996, -0.00263117, 0.00288671
227.251, -1, -2, 457.009, -265.944, 297, 180, 0, 0, 1, 24.5412, 198, 458.477, -273.906, 297.004, -179.997, -0.00508343, 0.000188225
Fine Spiral Search
269.518, 0, 0, 417.556, 184.575, 297, 180, 0, 0, 1, 0.96399, NA, 19, 417.021, 185.578, 296.962, 179.995, 0.0129995, 0.000182351
290.49, 0, 1, 407.153, -271.808, 296.962, 179.995, 0.0129995, 0.000182351, 1, 0.318676, NA, 7, 407.117, -271.413, 296.862, -179.997, 0.0187585, 0.00262519
