Goal, RMMASq3
time, iter, marker, init_x, init_y, init_z, init_xrot, init_yrot, init_zrot,ok, time_elapsed, steps,x, y, z, xrot, yrot, zrot
Coarse Spiral Search
33.758, -2, -1, 338.69, -73.7314, 297, 180, 0, 0, 1, 25.2408, 85, 388.745, -93.8179, 296.943, 179.995, 0.000393611, -0.00175978
105.926, -2, -2, 281.117, 379.198, 297, 180, 0, 0, 1, 52.6331, 175, 351.074, 359.237, 296.901, 179.987, 0.0137951, 0.0140866
Bisect
59.357, -1, -1, 388.745, -93.8179, 297, 180, 0, 0, 1, 23.7149, 194, 407.879, -97.0044, 296.99, 179.993, -0.00565432, -0.00725767
158.919, -1, -2, 351.074, 359.237, 297, 180, 0, 0, 1, 23.7203, 194, 366.328, 360.015, 296.912, 179.984, 0.0109683, 0.00379431
Fine Spiral Search
200.156, 0, 0, 458.47, -92.4048, 297, 180, 0, 0, 