Goal, RMMASq2
time, iter, marker, init_x, init_y, init_z, init_xrot, init_yrot, init_zrot,ok, time_elapsed, steps,x, y, z, xrot, yrot, zrot
Coarse Spiral Search
181.481, -2, -1, 502.975, 235.645, 297, 180, 0, 0, 1, 10.0631, 35, 502.972, 265.687, 297.006, 179.994, -0.0151977, 0.00780612
236.715, -2, -2, 464.616, -218.126, 297, 180, 0, 0, 1, 3.79817, 15, 474.573, -198.288, 296.958, -179.992, 0.000960318, -0.00313566
Bisect
191.907, -1, -1, 502.972, 265.687, 297, 180, 0, 0, 1, 22.1586, 177, 489.982, 278.443, 297.03, 179.991, -0.0133143, 0.0106358
240.868, -1, -2, 474.573, -198.288, 297, 180, 0, 0, 1, 20.1395, 162, 472.89, -178.474, 296.918, -179.992, 0.00232107, -0.00177782
Fine Spiral Search
278.531, 0, 0, 439.217, 280.342, 297, 180, 0, 0, 1, 0.0001014, NA, 1, 439.201, 280.428, 297.037, -180, -0.0119199, 0.018954
298.516, 0, 1, 422.109, -176.489, 297.037, -180, -0.0119199, 0.018954, 1, 0.947341, NA, 19, 421.571, -175.546, 297.036, -179.98, -0.00998753, 0.0132051
