Goal, RMMASq2
time, iter, marker, init_x, init_y, init_z, init_xrot, init_yrot, init_zrot,ok, time_elapsed, steps,x, y, z, xrot, yrot, zrot
Coarse Spiral Search
34.258, -2, -1, 529.306, 160.268, 297, 180, 0, 0, 1, 21.2337, 71, 489.353, 150.227, 296.957, -179.994, 0.00306629, -0.00375272
100.183, -2, -2, 474.976, -295.555, 297, 180, 0, 0, 1, 12.5448, 43, 444.973, -315.702, 296.951, 179.982, 0.00525857, -0.00556263
Bisect
55.851, -1, -1, 489.353, 150.227, 297, 180, 0, 0, 1, 22.2785, 175, 475.107, 132.508, 296.981, -179.997, -0.00336712, 0.00102642
113.084, -1, -2, 444.973, -315.702, 297, 180, 0, 0, 1, 24.5291, 198, 436.398, -322.479, 296.919, 179.996, 0.014559, -0.00817749
Fine Spiral Search
155.139, 0, 0, 424.489, 136.815, 297, 180, 0, 0, 1, 1.71064, NA, 33, 425.417, 138.391, 296.918, 179.995, 0.0164301, 0.0111544
176.837, 0, 1, 386.709, -316.596, 296.918, 179.995, 0.0164301, 0.0111544, 1, 9.47e-05, NA, 1, 386.681, -316.632, 296.945, 179.996, 0.012317, -0.00237743
