Goal, RMMASq2
time, iter, marker, init_x, init_y, init_z, init_xrot, init_yrot, init_zrot,ok, time_elapsed, steps,x, y, z, xrot, yrot, zrot
Coarse Spiral Search
181.379, -2, -1, 528.795, 248.514, 297, 180, 0, 0, 1, 5.99111, 21, 508.862, 238.501, 296.752, 179.986, 0.0325608, -0.00483151
234.523, -2, -2, 501.289, -208.501, 297, 180, 0, 0, 1, 1.67042, 7, 491.241, -208.595, 296.936, 179.999, 0.00700614, -0.00162241
Bisect
187.734, -1, -1, 508.862, 238.501, 297, 180, 0, 0, 1, 24.5414, 197, 487.862, 245.352, 296.754, 179.983, 0.0319058, -0.00276606
236.562, -1, -2, 491.241, -208.595, 297, 180, 0, 0, 1, 24.1294, 192, 475.436, -210.593, 296.976, 179.996, -0.00131155, 0.000407539
Fine Spiral Search
278.228, 0, 0, 437.08, 246.735, 297, 180, 0, 0, 1, 0.956729, NA, 19, 436.558, 247.814, 296.959, -179.991, 0.00908107, 0.0124818
299.176, 0, 1, 424.132, -208.13, 296.959, -179.991, 0.00908107, 0.0124818, 1, 0.744327, NA, 15, 425.097, -207.733, 296.949, -179.993, 0.018418, 0.0175897
