Goal, RMMASq2
time, iter, marker, init_x, init_y, init_z, init_xrot, init_yrot, init_zrot,ok, time_elapsed, steps,x, y, z, xrot, yrot, zrot
Coarse Spiral Search
Bisect
181.861, -1, -1, 497.943, 220.723, 297, 180, 0, 0, 1, 23.6945, 190, 501.471, 208.836, 296.993, 180, -0.00245075, -0.0031988
227.996, -1, -2, 489.14, -237.673, 297, 180, 0, 0, 1, 23.8823, 193, 491.283, -248.45, 296.994, 179.997, 0.00213635, 0.00309281
Fine Spiral Search
269.806, 0, 0, 450.683, 209.967, 297, 180, 0, 0, 1, 0.761208, NA, 15, 451.148, 210.999, 296.924, 179.996, 0.011002, 0.0218048
290.55, 0, 1, 440.96, -246.287, 296.924, 179.996, 0.011002, 0.0218048, 1, 0.0002345, NA, 1, 440.964, -246.302, 296.973, 179.992, 0.00275695, 0.0184166
