Goal, RMMASq3
time, iter, marker, init_x, init_y, init_z, init_xrot, init_yrot, init_zrot,ok, time_elapsed, steps,x, y, z, xrot, yrot, zrot
Coarse Spiral Search
Bisect
35.582, -1, -1, 370.119, 294.006, 297, 180, 0, 0, 1, 24.2039, 195, 368.866, 293.512, 297.003, 180, -0.00728321, 0.00391147
82.242, -1, -2, 391.329, -163.419, 297, 180, 0, 0, 1, 24.5238, 198, 389.876, -164.398, 296.98, -179.996, -0.00222365, -0.0012539
Fine Spiral Search
124.492, 0, 0, 318.119, 291.183, 297, 180, 0, 0, 1, 0.751779, NA, 15, 319.093, 291.653, 296.95, 179.981, 0.00313138, 0.00232273
145.43, 0, 1, 340.103, -166.257, 296.95, 179.981, 0.00313138, 0.00232273, 1, 1.94247, NA, 37, 339.758, -164.844, 296.83, 179.98, 0.0110458, -0.0166064
