Goal, RMMASq3
time, iter, marker, init_x, init_y, init_z, init_xrot, init_yrot, init_zrot,ok, time_elapsed, steps,x, y, z, xrot, yrot, zrot
Coarse Spiral Search
19.947, -2, -1, 356.295, 251.481, 297, 180, 0, 0, 1, 2.22146, 9, 356.29, 241.455, 296.946, 179.995, 0.0114257, 0.0067745
51.769, -2, -2, 364.725, -206.358, 297, 180, 0, 0, 1, 2.02646, 9, 364.711, -216.439, 296.978, -179.99, 0.00592009, -0.00729526
Bisect
22.529, -1, -1, 356.29, 241.455, 297, 180, 0, 0, 1, 22.2853, 175, 346.298, 225.184, 297, 179.988, -0.00562761, 0.0149505
54.154, -1, -2, 364.711, -216.439, 297, 180, 0, 0, 1, 22.3117, 175, 356.156, -233.22, 296.979, -179.993, 0.00642068, 0.00232149
Fine Spiral Search
78.981, 0, 0, 295.51, 224.092, 297, 180, 0, 0, 1, 0.718587, NA, 15, 296.202, 224.848, 296.969, 179.992, 0.00757004, 0.00943582
84.806, 0, 1, 306.06, -233.556, 296.969, 179.992, 0.00757004, 0.00943582, 1, 0.930434, NA, 19, 305.242, -232.923, 297, 179.986, 0.00978215, 0.000660065
