Goal, RMMASq2
time, iter, marker, init_x, init_y, init_z, init_xrot, init_yrot, init_zrot,ok, time_elapsed, steps,x, y, z, xrot, yrot, zrot
Coarse Spiral Search
Bisect
178.452, -1, -1, 459.288, 192.977, 297, 180, 0, 0, 1, 24.9424, 202, 460.798, 193.962, 297.032, -179.994, -0.00737325, -0.00133127
225.843, -1, -2, 443.286, -265.224, 297, 180, 0, 0, 1, 23.3143, 190, 445.802, -262.215, 296.948, -179.996, 0.00138262, 0.00520143
Fine Spiral Search
267.084, 0, 0, 410.026, 195.631, 297, 180, 0, 0, 1, 3.1831, NA, 61, 411.402, 197.716, 296.957, 179.994, 0.0197615, 0.0163152
290.259, 0, 1, 396.406, -258.462, 296.957, 179.994, 0.0197615, 0.0163152, 1, 0.0009027, NA, 1, 396.352, -258.527, 296.962, 179.997, 0.0265488, 0.00448776
