Goal, RMMASq3
time, iter, marker, init_x, init_y, init_z, init_xrot, init_yrot, init_zrot,ok, time_elapsed, steps,x, y, z, xrot, yrot, zrot
Coarse Spiral Search
Bisect
180.379, -1, -1, 492.839, 217.173, 297, 180, 0, 0, 1, 24.9187, 202, 493.865, 214.669, 297.004, -179.997, 0.0020088, -0.00347053
227.946, -1, -2, 480.974, -238.782, 297, 180, 0, 0, 1, 24.7313, 200, 481.914, -242.688, 296.965, -180, 0.0068126, 0.00139658
Fine Spiral Search
270.399, 0, 0, 443.082, 215.996, 297, 180, 0, 0, 1, 0.737247, NA, 15, 443.556, 217.018, 296.95, -179.991, 0.0118523, 0.010536
291.13, 0, 1, 431.606, -240.339, 296.95, -179.991, 0.0118523, 0.010536, 1, 0.0001948, NA, 1, 431.595, -240.347, 296.954, -179.985, 0.00949945, 0.0146145
