Goal, RMMASq2
time, iter, marker, init_x, init_y, init_z, init_xrot, init_yrot, init_zrot,ok, time_elapsed, steps,x, y, z, xrot, yrot, zrot
Coarse Spiral Search
35.148, -2, -1, 498.83, 247.013, 297, 180, 0, 0, 1, 21.3554, 71, 458.84, 236.91, 296.958, 179.978, 0.00499178, 0.00790969
103.445, -2, -2, 456.45, -210.077, 297, 180, 0, 0, 1, 5.78349, 21, 436.398, -220.22, 296.958, -179.997, 0.0108385, -0.0119375
Bisect
56.865, -1, -1, 458.84, 236.91, 297, 180, 0, 0, 1, 24.5406, 196, 441.519, 227.737, 296.961, 180, 0.00216226, 0.0126604
109.588, -1, -2, 436.398, -220.22, 297, 180, 0, 0, 1, 24.6132, 197, 416.399, -229.139, 296.969, 179.997, 0.0141968, -0.00919446
Fine Spiral Search
151.723, 0, 0, 390.796, 230.526, 297, 180, 0, 0, 1, 0.737661, NA, 15, 391.363, 231.502, 296.944, -179.996, 0.007789, 0.00552773
172.446, 0, 1, 366.243, -225.373, 296.944, -179.996, 0.007789, 0.00552773, 1, 0.0002387, NA, 1, 366.242, -225.357, 296.93, -179.986, 0.00402167, 0.011747
