Goal, RMMASq2
time, iter, marker, init_x, init_y, init_z, init_xrot, init_yrot, init_zrot,ok, time_elapsed, steps,x, y, z, xrot, yrot, zrot
Coarse Spiral Search
Bisect
181.418, -1, -1, 469.275, 230.73, 297, 180, 0, 0, 1, 24.7492, 200, 471.09, 227.756, 296.953, -179.995, 0.0128476, -0.00056209
228.615, -1, -2, 460.472, -227.667, 297, 180, 0, 0, 1, 23.9089, 192, 460.458, -229.679, 296.996, -179.997, 0.00666484, 0.00451301
Fine Spiral Search
270.239, 0, 0, 420.304, 228.937, 297, 180, 0, 0, 1, 1.78197, NA, 35, 421.31, 230.507, 296.942, 180, 0.00401226, 0.0104364
292.008, 0, 1, 410.677, -226.929, 296.942, 180, 0.00401226, 0.0104364, 1, 0.0001338, NA, 1, 410.619, -226.966, 296.947, -179.995, 0.0058955, 0.0112595
