Goal, RMMASq3
time, iter, marker, init_x, init_y, init_z, init_xrot, init_yrot, init_zrot,ok, time_elapsed, steps,x, y, z, xrot, yrot, zrot
Coarse Spiral Search
Bisect
20.369, -1, -1, 427.848, 315.66, 297, 180, 0, 0, 1, 23.9773, 193, 424.268, 319.119, 296.985, 179.993, 0.00134659, 0.0019918
51.908, -1, -2, 453.048, -141.562, 297, 180, 0, 0, 1, 24.4714, 197, 450.493, -138.324, 297.01, 179.999, -0.000805869, -0.00337692
Fine Spiral Search
79.104, 0, 0, 373.551, 316.211, 297, 180, 0, 0, 1, 0.754266, NA, 15, 374.112, 317.132, 296.899, 179.999, 0.0261841, 0.011876
84.954, 0, 1, 400.338, -140.311, 296.899, 179.999, 0.0261841, 0.011876, 1, 0.755487, NA, 15, 401.048, -139.589, 296.816, -179.972, 0.0432306, 0.00421243
