Goal, RMMASq2
time, iter, marker, init_x, init_y, init_z, init_xrot, init_yrot, init_zrot,ok, time_elapsed, steps,x, y, z, xrot, yrot, zrot
Coarse Spiral Search
183.133, -2, -1, 558.528, 310.352, 297, 180, 0, 0, 1, 21.0774, 71, 518.623, 300.3, 296.964, 179.999, -0.00936691, 0.00219004
251.41, -2, -2, 526.529, -147.581, 297, 180, 0, 0, 1, 11.8702, 41, 496.535, -147.762, 296.927, 179.996, -0.00205105, -0.0126329
Bisect
204.606, -1, -1, 518.623, 300.3, 297, 180, 0, 0, 1, 24.7539, 197, 496.904, 292.469, 296.906, 179.998, 0.00126682, 0.0001667
263.639, -1, -2, 496.535, -147.762, 297, 180, 0, 0, 1, 21.7719, 171, 481.005, -163.772, 296.927, 179.993, -0.00312883, -0.0126652
Fine Spiral Search
302.931, 0, 0, 446.135, 294.238, 297, 180, 0, 0, 1, 0.73879, NA, 15, 446.618, 295.367, 296.983, -179.99, -0.0105971, 0.0178851
323.656, 0, 1, 430.719, -160.874, 296.983, -179.99, -0.0105971, 0.0178851, 1, 0.0001793, NA, 1, 430.691, -160.963, 296.995, -179.998, -0.0101074, 0.00794686
