Goal, RMMASq2
time, iter, marker, init_x, init_y, init_z, init_xrot, init_yrot, init_zrot,ok, time_elapsed, steps,x, y, z, xrot, yrot, zrot
Coarse Spiral Search
Bisect
180.48, -1, -1, 478.75, 205.461, 297, 180, 0, 0, 1, 24.3041, 194, 474.456, 195.728, 296.988, 179.998, 0.00633148, 0.00298076
227.032, -1, -2, 465.147, -252.818, 297, 180, 0, 0, 1, 23.5011, 188, 460.65, -261.156, 296.973, -179.997, 0.00436809, -0.000329574
Fine Spiral Search
268.049, 0, 0, 423.68, 197.262, 297, 180, 0, 0, 1, 1.79018, NA, 35, 424.639, 198.803, 296.905, 179.997, 0.0189849, 0.00900894
289.827, 0, 1, 410.832, -258.081, 296.905, 179.997, 0.0189849, 0.00900894, 1, 0.0001033, NA, 1, 410.762, -258.143, 296.893, -179.998, 0.0295664, 0.00982474
