Goal, RMMASq3
time, iter, marker, init_x, init_y, init_z, init_xrot, init_yrot, init_zrot,ok, time_elapsed, steps,x, y, z, xrot, yrot, zrot
Coarse Spiral Search
80.739, -2, -2, 384.233, -201.014, 297, 180, 0, 0, 1, 0.464769, 3, 394.279, -201.079, 296.916, -180, 0.00509526, -0.00488248
Bisect
34.985, -1, -1, 383.795, 256.902, 297, 180, 0, 0, 1, 23.3035, 190, 403.488, 248.59, 296.978, 179.999, 0.00464793, -0.00364883
81.572, -1, -2, 394.279, -201.079, 297, 180, 0, 0, 1, 23.9291, 194, 405.477, -210.114, 296.916, 179.994, 0.0134479, -0.00692822
Fine Spiral Search
123.232, 0, 0, 352.689, 248.369, 297, 180, 0, 0, 1, 0.000264, NA, 1, 352.656, 248.379, 296.964, 179.994, 0.0100905, 0.00889826
143.424, 0, 1, 354.645, -210.325, 296.964, 179.994, 0.0100905, 0.00889826, 1, 3.20027, NA, 61, 355.378, -208.376, 296.995, 179.99, -0.00207273, -0.00519692
