Goal, RMMASq2
time, iter, marker, init_x, init_y, init_z, init_xrot, init_yrot, init_zrot,ok, time_elapsed, steps,x, y, z, xrot, yrot, zrot
Coarse Spiral Search
Bisect
21.244, -1, -1, 491.165, 313.84, 297, 180, 0, 0, 1, 21.069, 165, 486.966, 293.538, 296.986, 179.995, -0.00241353, -0.000638808
49.664, -1, -2, 477.312, -143.369, 297, 180, 0, 0, 1, 20.6619, 160, 474.32, -164.324, 296.975, -179.995, 0.00744038, 0.00121077
Fine Spiral Search
72.842, 0, 0, 436.185, 294.94, 297, 180, 0, 0, 1, 0.739874, NA, 15, 436.833, 295.88, 296.999, -179.997, -0.0153045, 0.0187857
78.672, 0, 1, 424.187, -161.981, 296.999, -179.997, -0.0153045, 0.0187857, 1, 0.743909, NA, 15, 424.52, -161.035, 297.038, -179.998, -0.0114497, 0.0123728
