Goal, RMMASq3
time, iter, marker, init_x, init_y, init_z, init_xrot, init_yrot, init_zrot,ok, time_elapsed, steps,x, y, z, xrot, yrot, zrot
Coarse Spiral Search
Bisect
21.457, -1, -1, 376.826, 365.518, 297, 180, 0, 0, 1, 23.4936, 190, 373.286, 372.363, 296.98, 179.996, 0.00199829, -0.00326431
52.697, -1, -2, 417.968, -90.5463, 297, 180, 0, 0, 1, 23.9546, 194, 415.472, -84.0268, 297.007, 179.996, -0.00298009, -0.00245191
Fine Spiral Search
79.374, 0, 0, 322.701, 367.687, 297, 180, 0, 0, 1, 0.115275, NA, 3, 322.719, 367.679, 296.978, 179.994, -6.05398e-05, 0.00548196
84.585, 0, 1, 364.905, -88.7099, 296.978, 179.994, -6.05398e-05, 0.00548196, 1, 0.73366, NA, 15, 365.539, -87.8898, 296.895, -179.994, 0.00879109, 0.0255766
