Goal, RMMASq2
time, iter, marker, init_x, init_y, init_z, init_xrot, init_yrot, init_zrot,ok, time_elapsed, steps,x, y, z, xrot, yrot, zrot
Coarse Spiral Search
182.407, -2, -1, 496.5, 262.312, 297, 180, 0, 0, 1, 1.78454, 7, 486.457, 262.332, 296.924, 179.985, 0.01498, -0.000106144
Bisect
184.548, -1, -1, 486.457, 262.332, 297, 180, 0, 0, 1, 24.7462, 198, 468.375, 266.18, 296.955, 179.993, -0.00112425, 0.00253575
231.544, -1, -2, 474.552, -195.705, 297, 180, 0, 0, 1, 23.6902, 190, 463.252, -189.896, 296.972, -179.998, 0.0106637, -0.00785998
Fine Spiral Search
272.957, 0, 0, 417.578, 266.75, 297, 180, 0, 0, 1, 0.747306, NA, 15, 418.01, 267.836, 296.94, 179.993, 0.00405663, 0.0151481
293.699, 0, 1, 412.888, -188.24, 296.94, 179.993, 0.00405663, 0.0151481, 1, 0.0001946, NA, 1, 412.846, -188.262, 296.916, 179.995, 0.0111347, 0.0171577
