Goal, RMMASq3
time, iter, marker, init_x, init_y, init_z, init_xrot, init_yrot, init_zrot,ok, time_elapsed, steps,x, y, z, xrot, yrot, zrot
Coarse Spiral Search
178.533, -2, -1, 423.029, 248.686, 297, 180, 0, 0, 1, 2.78076, 11, 442.962, 238.627, 296.947, 179.978, 0.0192718, 0.00506927
228.955, -2, -2, 409.573, -207.224, 297, 180, 0, 0, 1, 2.58435, 11, 429.592, -217.219, 296.921, -179.988, 0.0146938, 0.00299576
Bisect
181.674, -1, -1, 442.962, 238.627, 297, 180, 0, 0, 1, 24.7333, 202, 457.282, 241.666, 296.895, 179.98, 0.013991, 0.011814
231.897, -1, -2, 429.592, -217.219, 297, 180, 0, 0, 1, 24.427, 201, 446.019, -216.222, 296.917, -179.992, 0.0319831, 0.00377561
Fine Spiral Search
273.843, 0, 0, 406.497, 242.915, 297, 180, 0, 0, 1, 0.0002186, NA, 1, 406.471, 242.897, 296.994, 179.987, -0.000406848, 0.00389787
294.034, 0, 1, 395.207, -214.991, 296.994, 179.987, -0.000406848, 0.00389787, 1, 0.740034, NA, 15, 395.702, -214.08, 297.125, 179.978, -0.0220614, 0.00297899
