Goal, RMMASq2
time, iter, marker, init_x, init_y, init_z, init_xrot, init_yrot, init_zrot,ok, time_elapsed, steps,x, y, z, xrot, yrot, zrot
Coarse Spiral Search
Bisect
179.215, -1, -1, 481.427, 226.829, 297, 180, 0, 0, 1, 24.0404, 194, 485.106, 217.833, 296.977, -179.995, 0.00714935, -0.00368278
225.602, -1, -2, 470.225, -231.515, 297, 180, 0, 0, 1, 23.4178, 189, 473.188, -238.799, 296.998, 180, 0.00134533, -0.00535277
Fine Spiral Search
266.943, 0, 0, 434.324, 219.159, 297, 180, 0, 0, 1, 3.17779, NA, 61, 435.78, 221.144, 296.947, 179.988, 0.0157677, 0.000267766
290.213, 0, 1, 423.861, -235.489, 296.947, 179.988, 0.0157677, 0.000267766, 1, 0.0001252, NA, 1, 423.811, -235.53, 296.94, 179.992, 0.0209067, -0.000447459
