Goal, RMMASq3
time, iter, marker, init_x, init_y, init_z, init_xrot, init_yrot, init_zrot,ok, time_elapsed, steps,x, y, z, xrot, yrot, zrot
Coarse Spiral Search
Bisect
178.021, -1, -1, 455.69, 255.433, 297, 180, 0, 0, 1, 23.5352, 192, 462.683, 246.792, 297.034, 179.993, -0.0134131, -0.00901685
224.012, -1, -2, 449.164, -200.885, 297, 180, 0, 0, 1, 24.0451, 192, 456.184, -210.923, 296.975, -179.995, 0.00483806, 0.0058323
Fine Spiral Search
265.769, 0, 0, 411.888, 247.513, 297, 180, 0, 0, 1, 0.818675, NA, 17, 412.339, 248.584, 297.068, 179.994, -0.0066002, -0.00180845
286.588, 0, 1, 405.84, -209.13, 297.068, 179.994, -0.0066002, -0.00180845, 1, 0.920716, NA, 19, 405.009, -208.417, 296.921, -179.986, 0.0147057, -0.0249338
