Goal, RMMASq3
time, iter, marker, init_x, init_y, init_z, init_xrot, init_yrot, init_zrot,ok, time_elapsed, steps,x, y, z, xrot, yrot, zrot
Coarse Spiral Search
180.554, -2, -1, 501.978, 183.46, 297, 180, 0, 0, 1, 0.453771, 3, 512.09, 183.498, 296.928, 179.993, -0.00439368, 0.00360537
225.512, -2, -2, 491.47, -272.784, 297, 180, 0, 0, 1, 0.46461, 3, 501.509, -272.899, 296.945, 179.995, 0.00256042, -0.00910082
Bisect
181.369, -1, -1, 512.09, 183.498, 297, 180, 0, 0, 1, 21.8942, 178, 521.899, 168.182, 296.957, 179.987, -0.00391143, -0.0101188
226.345, -1, -2, 501.509, -272.899, 297, 180, 0, 0, 1, 21.8792, 176, 510.394, -289.798, 296.967, 179.999, 0.00336827, -0.00634472
Fine Spiral Search
265.76, 0, 0, 471.115, 169.458, 297, 180, 0, 0, 1, 0.745937, NA, 15, 471.635, 170.423, 296.97, 179.994, -0.00103728, 0.00635645
286.495, 0, 1, 460.13, -287.558, 296.97, 179.994, -0.00103728, 0.00635645, 1, 2.0152, NA, 39, 459.122, -286.114, 296.927, 179.996, 0.00382496, 0.00429932
