Goal, RMMASq2
time, iter, marker, init_x, init_y, init_z, init_xrot, init_yrot, init_zrot,ok, time_elapsed, steps,x, y, z, xrot, yrot, zrot
Coarse Spiral Search
Bisect
186.174, -1, -1, 444.67, 246.029, 297, 180, 0, 0, 1, 25.0414, 203, 446.213, 243.704, 297.024, 180, -0.00729147, 0.00427723
233.764, -1, -2, 437.064, -211.943, 297, 180, 0, 0, 1, 24.4058, 198, 439.024, -213.548, 297.019, 179.997, -0.00425177, 0.000115633
Fine Spiral Search
275.987, 0, 0, 395.419, 244.503, 297, 180, 0, 0, 1, 1.69919, NA, 33, 396.379, 246.013, 296.952, 179.996, 0.0153351, 0.0144157
297.872, 0, 1, 389.19, -211.239, 296.952, 179.996, 0.0153351, 0.0144157, 1, 0.0001079, NA, 1, 389.16, -211.293, 296.987, 179.989, 0.0154611, 0.0140731
