Goal, RMMASq3
time, iter, marker, init_x, init_y, init_z, init_xrot, init_yrot, init_zrot,ok, time_elapsed, steps,x, y, z, xrot, yrot, zrot
Coarse Spiral Search
Bisect
20.924, -1, -1, 365.143, 308.512, 297, 180, 0, 0, 1, 23.3032, 186, 352.389, 297.993, 297.002, 179.997, -0.0070507, -0.00190234
51.584, -1, -2, 387.151, -148.876, 297, 180, 0, 0, 1, 23.2937, 186, 377.178, -160.212, 297.001, 179.999, 0.00112845, -0.00206789
Fine Spiral Search
77.808, 0, 0, 301.664, 295.248, 297, 180, 0, 0, 1, 0.104219, NA, 3, 301.609, 295.277, 296.977, 179.997, 0.0026751, 0.00969345
83.004, 0, 1, 326.398, -162.927, 296.977, 179.997, 0.0026751, 0.00969345, 1, 3.33029, NA, 63, 325.899, -160.985, 297.056, 179.986, -0.00848933, 0.00699725
