Goal, RMMASq2
time, iter, marker, init_x, init_y, init_z, init_xrot, init_yrot, init_zrot,ok, time_elapsed, steps,x, y, z, xrot, yrot, zrot
Coarse Spiral Search
Bisect
179.396, -1, -1, 451.803, 218.215, 297, 180, 0, 0, 1, 25.1333, 204, 449.341, 215.562, 297.028, -179.997, -0.0023671, -0.00447007
226.79, -1, -2, 447.001, -240.241, 297, 180, 0, 0, 1, 23.9069, 193, 445.183, -241.363, 297.064, 179.993, -0.00873041, 0.00165042
Fine Spiral Search
268.417, 0, 0, 398.543, 216.024, 297, 180, 0, 0, 1, 2.95973, NA, 57, 400.574, 217.499, 296.928, 179.987, 0.0111375, 0.00698308
291.363, 0, 1, 396.416, -239.427, 296.928, 179.987, 0.0111375, 0.00698308, 1, 0.0001067, NA, 1, 396.391, -239.446, 296.977, 179.977, 0.00846652, 0.018637
