Goal, RMMASq2
time, iter, marker, init_x, init_y, init_z, init_xrot, init_yrot, init_zrot,ok, time_elapsed, steps_large, steps_small,x, y, z, xrot, yrot, zrot
Edge
32.837, -1, -1, 379.98, -0.0242973, 297, 180, 0, 0, 1, 4.75432, 6, 36, 320.943, -0.0327937, 297.008, 179.987, -0.0105211, 0.0198471
53.811, -1, -2, 320.943, -228.633, 297, 180, 0, 0, 1, 3.10937, 6, 29, 314.376, -228.631, 296.928, -179.993, 0.0189645, 0.00370274
75.876, -1, -3, 314.337, -228.631, 296.928, -179.995, 0.0285433, 0.0120031, 1, 3.22072, 7, 17, 462.191, -214.085, 296.867, -179.996, 0.0342529, 0.00379858
75.876, -1, -4, N/A, N/A, N/A, NA, N/A, N/A, 1, 11.0844, 19, 82, 314.915, -209.854, 297, 180, 0, 0
