Goal, RMMASq2
time, iter, marker, init_x, init_y, init_z, init_xrot, init_yrot, init_zrot,ok, time_elapsed, steps,x, y, z, xrot, yrot, zrot
Coarse Spiral Search
Bisect
181.296, -1, -1, 506.953, 243.792, 297, 180, 0, 0, 1, 24.7363, 200, 499.981, 247.54, 297.012, -179.998, 0.00275312, 0.0085303
229.094, -1, -2, 508.552, -214.687, 297, 180, 0, 0, 1, 23.5071, 190, 502.011, -209.665, 297.019, -180, -0.0029497, 0.00187283
Fine Spiral Search
270.127, 0, 0, 449.182, 247.315, 297, 180, 0, 0, 1, 3.19145, NA, 61, 450.684, 249.307, 296.973, 179.989, -0.00459683, 0.0109798
293.513, 0, 1, 452.714, -207.898, 296.973, 179.989, -0.00459683, 0.0109798, 1, 0.000144, NA, 1, 452.711, -207.962, 296.923, 179.998, -0.00475111, 0.00157171
