Goal, RMMASq3
time, iter, marker, init_x, init_y, init_z, init_xrot, init_yrot, init_zrot,ok, time_elapsed, steps,x, y, z, xrot, yrot, zrot
Coarse Spiral Search
176.155, -2, -1, 496.275, 247.638, 297, 180, 0, 0, 1, 1.66568, 7, 486.363, 247.753, 296.933, -179.993, -0.0100254, -0.000104391
223.79, -2, -2, 489.57, -211.382, 297, 180, 0, 0, 1, 1.77268, 7, 479.624, -211.53, 296.851, -179.989, -0.000306892, 0.000317879
Bisect
178.177, -1, -1, 486.363, 247.753, 297, 180, 0, 0, 1, 23.158, 189, 474.884, 255.062, 296.987, -179.99, -0.0227488, 0.011546
225.928, -1, -2, 479.624, -211.53, 297, 180, 0, 0, 1, 23.3386, 189, 466.086, -203.054, 296.88, 179.999, 0.0051437, -0.000363893
Fine Spiral Search
266.789, 0, 0, 424.093, 256.038, 297, 180, 0, 0, 1, 0.106805, NA, 3, 424.166, 256.053, 297.001, -179.998, -0.00156188, 0.00669579
286.88, 0, 1, 415.368, -202.062, 297.001, -179.998, -0.00156188, 0.00669579, 1, 1.98518, NA, 39, 414.323, -200.611, 297.017, 179.988, -0.00010474, 0.00193195
