Goal, RMMASq2
time, iter, marker, init_x, init_y, init_z, init_xrot, init_yrot, init_zrot,ok, time_elapsed, steps,x, y, z, xrot, yrot, zrot
Coarse Spiral Search
Bisect
178.145, -1, -1, 508.747, 231.606, 297, 180, 0, 0, 1, 24.7336, 200, 503.717, 228.738, 297.008, 179.994, 0.00709036, 0.00201035
225.737, -1, -2, 504.745, -226.857, 297, 180, 0, 0, 1, 23.9013, 191, 500.846, -228.92, 297, 179.999, -0.00351623, 0.00203863
Fine Spiral Search
267.558, 0, 0, 452.918, 229.057, 297, 180, 0, 0, 1, 1.80119, NA, 35, 453.88, 230.58, 296.892, 179.99, 0.0153117, 0.00872986
289.343, 0, 1, 451.01, -227.078, 296.892, 179.99, 0.0153117, 0.00872986, 1, 0.0003752, NA, 1, 450.962, -227.14, 296.909, 179.98, 0.0201866, 0.00210926
