Goal, RMMASq2
time, iter, marker, init_x, init_y, init_z, init_xrot, init_yrot, init_zrot,ok, time_elapsed, steps,x, y, z, xrot, yrot, zrot
Coarse Spiral Search
Bisect
35.391, -1, -1, 459.447, 287.812, 297, 180, 0, 0, 1, 20.8641, 163, 451.937, 267.4, 297.017, 179.991, 0.00337085, 0.00219344
78.722, -1, -2, 439.213, -169.158, 297, 180, 0, 0, 1, 21.0584, 163, 435.735, -189.876, 297.021, -179.997, -0.0054678, 0.00206081
Fine Spiral Search
117.707, 0, 0, 401.169, 269.199, 297, 180, 0, 0, 1, 0.742647, NA, 15, 401.624, 270.243, 297.003, 179.992, 0.00760374, 0.0182795
138.445, 0, 1, 385.421, -187.033, 297.003, 179.992, 0.00760374, 0.0182795, 1, 0.0006238, NA, 1, 385.375, -187.021, 296.982, 179.995, 0.0146858, 0.0224941
