Goal, RMMASq3
time, iter, marker, init_x, init_y, init_z, init_xrot, init_yrot, init_zrot,ok, time_elapsed, steps,x, y, z, xrot, yrot, zrot
Coarse Spiral Search
Bisect
175.741, -1, -1, 387.051, 300.926, 297, 180, 0, 0, 1, 24.9362, 198, 376.052, 292.371, 297.01, 179.997, -0.00546625, 0.0018452
223.125, -1, -2, 408.611, -154.673, 297, 180, 0, 0, 1, 23.3248, 186, 396.753, -165.055, 296.992, -179.997, 0.000323169, 0.0053338
Fine Spiral Search
264.183, 0, 0, 325.304, 290.074, 297, 180, 0, 0, 1, 0.0003104, NA, 1, 325.266, 290.14, 296.922, 179.996, 0.0143554, 0.000956999
284.171, 0, 1, 345.967, -167.285, 296.922, 179.996, 0.0143554, 0.000956999, 1, 0.212392, NA, 5, 346.357, -167.284, 297.014, 179.991, 0.00662569, 0.00369528
