Goal, RMMASq2
time, iter, marker, init_x, init_y, init_z, init_xrot, init_yrot, init_zrot,ok, time_elapsed, steps,x, y, z, xrot, yrot, zrot
Coarse Spiral Search
35.37, -2, -1, 524.128, 288.221, 297, 180, 0, 0, 1, 12.52, 43, 494.25, 268.217, 297.064, -179.996, -0.0182068, -0.00439698
94.61, -2, -2, 489.732, -169.539, 297, 180, 0, 0, 1, 5.87791, 21, 469.737, -179.624, 296.843, -179.988, 0.0138311, -0.0129454
Bisect
48.246, -1, -1, 494.25, 268.217, 297, 180, 0, 0, 1, 24.3148, 192, 473.524, 258.267, 297.065, 179.991, -0.0266487, -0.00035178
100.848, -1, -2, 469.737, -179.624, 297, 180, 0, 0, 1, 21.9681, 171, 457.755, -198.915, 296.874, -179.983, 0.00886833, -0.0142882
Fine Spiral Search
140.345, 0, 0, 422.754, 260.018, 297, 180, 0, 0, 1, 1.69298, NA, 33, 423.762, 261.464, 296.876, 179.993, 0.019939, 0.00743815
162.228, 0, 1, 407.994, -195.718, 296.876, 179.993, 0.019939, 0.00743815, 1, 0.0006683, NA, 1, 407.957, -195.738, 296.881, 179.99, 0.025803, 0.00881332
