Goal, 3
time, iter, marker, init_x, init_y, init_z, init_xrot, init_yrot, init_zrot,ok, time_elapsed, steps,x, y, z, xrot, yrot, zrot
Coarse Spiral Search
Bisect
22.585, -1, -1, 233.339, -626.649, 297, 180, 0, 0, 1, 22.6894, 180, 216.847, -629.65, 297, -180, 5.86766e-05, 0.000197027
52.583, -1, -2, -224.018, -633.732, 297, 180, 0, 0, 1, 22.4902, 178, -239.972, -639.63, 297, -180, 5.86831e-05, 0.000197024
Fine Spiral Search
77.788, 0, 0, 215.737, -578.862, 297, 180, 0, 0, 1, 7.38854e-05, 1, 215.737, -578.862, 297, -180, 5.86746e-05, 0.000197014
82.695, 0, 1, -241.082, -588.842, 297, -180, 5.86746e-05, 0.000197014, 1, 0.101656, 3, -241.081, -588.842, 297, -180, 5.86725e-05, 0.000197017
87.702, 1, 0, 215.737, -578.862, 297, -180, 5.86746e-05, 0.000197014, 1, 7.15147e-05, 1, 215.738, -578.863, 297, -180, 5.86797e-05, 0.000197024
92.61, 1, 1, -241.081, -588.842, 297, -180, 5.86725e-05, 0.000197017, 1, 0.102698, 3, -239.878, -588.819, 297, -180, 5.86808e-05, 0.00019702
