Goal, 3
time, iter, marker, init_x, init_y, init_z, init_xrot, init_yrot, init_zrot,ok, time_elapsed, steps,x, y, z, xrot, yrot, zrot
Coarse Spiral Search
Bisect
22.348, -1, -1, 207.274, -622.881, 297, 180, 0, 0, 1, 22.4947, 180, 212.523, -621.4, 297, -180, 5.86746e-05, 0.000197024
52.36, -1, -2, -250.095, -629.165, 297, 180, 0, 0, 1, 21.6859, 172, -243.676, -629.901, 297, -180, 5.86729e-05, 0.000197006
Fine Spiral Search
76.562, 0, 0, 211.577, -570.609, 297, 180, 0, 0, 1, 0.000209409, 1, 211.577, -570.609, 297, -180, 5.86831e-05, 0.000197023
81.577, 0, 1, -244.622, -579.109, 297, -180, 5.86831e-05, 0.000197023, 1, 0.000152118, 1, -244.622, -579.109, 297, -180, 5.86726e-05, 0.000197033
86.59, 1, 0, 211.577, -570.609, 297, -180, 5.86831e-05, 0.000197023, 1, 23.5291, 455, 212.233, -570.7, 297, -180, 5.86786e-05, 0.000197026
114.933, 1, 1, -244.622, -579.109, 297, -180, 5.86726e-05, 0.000197033, 1, 0.000137104, 1, -244.622, -579.109, 297, -180, 5.86706e-05, 0.000197024
