Goal, RMMASq2
time, iter, marker, init_x, init_y, init_z, init_xrot, init_yrot, init_zrot,ok, time_elapsed, steps,x, y, z, xrot, yrot, zrot
Edge
32.477, -1, -1, 379.985, -0.00903838, 297, 180, 0, 0, 1, 3.57654, 33, 313.073, -0.0174637, 296.995, 179.994, -0.00352473, 0.000215198
52.987, -1, -2, 313.073, -228.617, 297, 180, 0, 0, 1, 2.27215, 22, 309.583, -228.647, 297.037, 179.987, -0.0116232, 0.00346396
74.087, -1, -3, 363.873, 350.513, 297, 180, 0, 0, 1, 1.7253, 17, 363.785, 352.968, 296.904, 179.983, 0.0207201, -0.00286442
74.087, -1, -4, N/A, N/A, N/A, NA, N/A, N/A, 1, 7.57399, 72, 318.472, 353.659, 297, 180, 0, 0
Fine Spiral Search
100.503, 0, 0, 418.509, 250.52, 297, 180, 0, 0, 1, 1.03505, 21, 417.723, 250.946, 296.996, -179.998, -0.0225526, -0.0113296
116.646, 0, 1, 410.744, -206.201, 296.996, -179.998, -0.0225526, -0.0113296, 1, 0.000112901, 1, 410.72, -206.279, 296.962, -179.996, -0.0162741, -0.0137006
