Goal, RMMASq2
time, iter, marker, init_x, init_y, init_z, init_xrot, init_yrot, init_zrot,ok, time_elapsed, steps,x, y, z, xrot, yrot, zrot
Edge
32.648, -1, -1, 380.004, -0.0645031, 297, 180, 0, 0, 1, 3.48604, 33, 324.819, -0.125218, 296.964, 179.993, 0.00455689, -0.0154813
53.272, -1, -2, 324.819, -228.725, 297, 180, 0, 0, 1, 3.50845, 33, 326.223, -228.751, 296.985, -179.998, 0.0206885, -0.0020608
75.604, -1, -3, 375.619, 361.751, 297, 180, 0, 0, 1, 2.64302, 26, 375.574, 364.192, 296.949, 179.987, 0.00936591, -0.00860108
75.604, -1, -4, N/A, N/A, N/A, NA, N/A, N/A, 1, 9.63751, 92, 322.584, 363.867, 297, 180, 0, 0
Fine Spiral Search
103.241, 0, 0, 424.806, 262.892, 297, 180, 0, 0, 1, 0.000156324, 1, 424.821, 262.857, 297.013, -179.996, 0.00260703, 0.00306239
118.357, 0, 1, 427.628, -194.334, 297.013, -179.996, 0.00260703, 0.00306239, 1, 0.000104216, 1, 427.639, -192.331, 297.003, -179.999, 0.00435862, 0.00737298
