Goal, RMMASq3
time, iter, marker, init_x, init_y, init_z, init_xrot, init_yrot, init_zrot,ok, time_elapsed, steps,x, y, z, xrot, yrot, zrot
Edge
32.004, -1, -1, 379.998, -0.0252441, 297, 180, 0, 0, 1, 3.91398, 28, 340.166, -0.00930083, 297.101, -179.993, -0.0269066, 0.0103198
53.346, -1, -2, 340.166, 228.591, 297, 180, 0, 0, 1, 3.94942, 36, 342.095, 228.551, 296.949, 179.989, 0.0180242, -0.000294517
76.221, -1, -3, 390.966, -293.735, 297, 180, 0, 0, 1, 6.99902, 39, 390.928, -330.995, 297.002, -179.995, 0.00591716, 0.0102522
76.221, -1, -4, N/A, N/A, N/A, NA, N/A, N/A, 1, 14.8624, 103, 337.376, -330.543, 297, 180, 0, 0
Fine Spiral Search
107.22, 0, 0, 389.032, -229.375, 297, 180, 0, 0, 1, 1.04488, 21, 388.105, -228.871, 297.091, 179.975, -0.0222082, 0.00327683
123.4, 0, 1, 391.964, 228.313, 297.091, 179.975, -0.0222082, 0.00327683, 1, 0.000101453, 1, 391.959, 228.412, 297.025, 179.965, -0.0197066, 0.00964285
