Goal, RMMASq2
time, iter, marker, init_x, init_y, init_z, init_xrot, init_yrot, init_zrot,ok, time_elapsed, steps,x, y, z, xrot, yrot, zrot
Edge
32.161, -1, -1, 379.998, 0.00531585, 297, 180, 0, 0, 1, 3.88808, 37, 331.782, 0.0239823, 297.03, -179.996, -0.0126941, 0.00338868
52.764, -1, -2, 331.782, -228.576, 297, 180, 0, 0, 1, 3.23782, 30, 330.224, -228.617, 296.969, -179.991, 0.00637154, -0.00189192
74.724, -1, -3, 382.582, 360.561, 297, 180, 0, 0, 1, 2.4643, 21, 382.521, 359.98, 296.898, 179.993, 0.0174098, -0.0158141
74.724, -1, -4, N/A, N/A, N/A, NA, N/A, N/A, 1, 9.5902, 88, 334.238, 360.309, 297, 180, 0, 0
Fine Spiral Search
102.005, 0, 0, 435.143, 258.019, 297, 180, 0, 0, 1, 2.05093, 39, 434.233, 259.444, 297.128, -179.987, -0.0190972, 0.000656504
119.164, 0, 1, 431.117, -197.745, 297.128, -179.987, -0.0190972, 0.000656504, 1, 0.103297, 3, 431.069, -197.816, 297.109, -179.981, -0.0144779, -0.00104963
